-- phpMyAdmin SQL Dump
-- version 5.1.0
-- https://www.phpmyadmin.net/
--
-- Host: localhost:8889
-- Generation Time: Nov 02, 2022 at 07:58 AM
-- Server version: 5.7.32
-- PHP Version: 8.0.3

SET SQL_MODE = "NO_AUTO_VALUE_ON_ZERO";
START TRANSACTION;
SET time_zone = "+00:00";


/*!40101 SET @OLD_CHARACTER_SET_CLIENT=@@CHARACTER_SET_CLIENT */;
/*!40101 SET @OLD_CHARACTER_SET_RESULTS=@@CHARACTER_SET_RESULTS */;
/*!40101 SET @OLD_COLLATION_CONNECTION=@@COLLATION_CONNECTION */;
/*!40101 SET NAMES utf8mb4 */;

--
-- Database: `aclcpageant`
--

-- --------------------------------------------------------

--
-- Table structure for table `Category`
--

CREATE TABLE `Category` (
  `ID` int(11) NOT NULL,
  `categid` int(11) NOT NULL,
  `categDesc` varchar(30) NOT NULL
) ENGINE=InnoDB DEFAULT CHARSET=utf8;

--
-- Dumping data for table `Category`
--

INSERT INTO `Category` (`ID`, `categid`, `categDesc`) VALUES
(1, 1, 'National Costume'),
(2, 2, 'Sportswear'),
(3, 3, 'Talent'),
(4, 4, 'Uniform'),
(5, 5, 'Cultural Dance'),
(6, 6, 'Production'),
(7, 7, 'Swimwear'),
(8, 8, 'Formal Wear'),
(9, 9, 'Q$A'),
(10, 10, 'Final Q$A');

-- --------------------------------------------------------

--
-- Table structure for table `contestants`
--

CREATE TABLE `contestants` (
  `ID` int(11) NOT NULL,
  `contestantno` int(11) NOT NULL,
  `contestantname` varchar(50) NOT NULL,
  `contestantdetails` varchar(10) NOT NULL,
  `contestanthouse` varchar(10) NOT NULL,
  `sex` varchar(10) NOT NULL,
  `img` varchar(50) NOT NULL
) ENGINE=InnoDB DEFAULT CHARSET=utf8;

--
-- Dumping data for table `contestants`
--

INSERT INTO `contestants` (`ID`, `contestantno`, `contestantname`, `contestantdetails`, `contestanthouse`, `sex`, `img`) VALUES
(1, 1, 'BIANCA ERIKA <br> LABRO', 'College', 'AZUL', 'female', 'AZUL_FEMALE_1_FINAL.jpg'),
(2, 1, 'JOHN FRED <br> RACAL', 'College', 'AZUL', 'male', 'AZUL_MALE_1_FINAL.jpg'),
(3, 2, 'AYANNA <br> BACLOHAN', 'College', 'CAHEL', 'female', 'CAHEL_FEMALE_1_FINAL.jpg'),
(4, 2, 'ERIC <br> PERNITO', 'College', 'CAHEL', 'male', 'CAHEL_MALE_1_FINAL.jpg'),
(5, 3, 'HANNI JANE <br> BAÑEZ', 'SHS', 'AZUL', 'female', 'AZUL_FEMALE_2_FINAL.jpg'),
(6, 3, 'RHEYVEL <br> MARQUEZ', 'SHS', 'AZUL', 'male', 'AZUL_MALE_2_FINAL.jpg'),
(7, 4, 'KATHRYSS KAYE <br>ANONAT', 'College', 'VIERRDY ', 'female', 'VIERRDY_FEMALE_1_FINAL.jpg'),
(8, 4, 'PIERCE SEBASTIAN <br>PACLIAN', 'College', 'VIERRDY ', 'male', 'VIERRDY_MALE_2_FINAL.jpg'),
(9, 5, 'NICOLE LOISE <br> CERO', 'SHS', 'GIALLIO ', 'female', 'GIALLIO_FEMALE2_FINAL.jpg'),
(10, 5, 'CYRIL NHIL <br> CAPAHI', 'SHS', 'GIALLIO', 'male', 'GIALLIO_MALE_1_FINAL.jpg'),
(11, 6, 'MILDRED <br> TAYONG', 'College', 'GIALLIO ', 'female', 'GIALLIO_FEMALE1_FINAL.jpg'),
(12, 6, 'NIXON MARC <br> ENEREZ', 'College', 'GIALLIO ', 'male', 'GIALLIO_MALE_2_FINAL.jpg'),
(13, 7, 'ALLAINE SUE <br> PEREZ', 'SHS', 'CAHEL ', 'female', 'CAHEL_FEMALE_2_FINAL.jpg'),
(14, 7, 'IVERSON CALVIN <br> ARNAIZ', 'SHS', 'CAHEL ', 'male', 'CAHEL_MALE_2_FINAL.jpg'),
(15, 8, 'MARISOL <br>SUGANOB', 'SHS', 'VIERRDY ', 'female', 'VIERRDY_FEMALE2_FINAL.jpg'),
(16, 8, 'JOHN PAUL <br>CALABIA', 'SHS', 'VIERRDY', 'male', 'VIERRDY_MALE_1_FINAL.jpg'),
(17, 9, 'REGINE <br> HATAMOSA', 'SHS', 'ROXXO ', 'female', 'ROXXO_FEMALE_1_FINAL.jpg'),
(18, 9, 'VINSEL CARL <br> COJUANGCO', 'SHS', 'ROXXO ', 'male', 'ROXXO_MALE_1_FINAL.jpg'),
(19, 10, 'JEDDA MARIE <br>DONALDO', 'College', 'ROXXO ', 'female', 'ROXXO_FEMALE_2_FINAL.jpg'),
(20, 10, 'JOSE DAVID <br> LONZAGA', 'College', 'ROXXO ', 'male', 'ROXXO_MALE_2_FINAL.jpg');

-- --------------------------------------------------------

--
-- Table structure for table `finalcontestants`
--

CREATE TABLE `finalcontestants` (
  `ID` int(11) NOT NULL,
  `contestantno` int(11) NOT NULL,
  `contestantname` varchar(50) NOT NULL,
  `contestantdetails` varchar(20) NOT NULL,
  `contestanthouse` varchar(20) NOT NULL
) ENGINE=InnoDB DEFAULT CHARSET=utf8;

-- --------------------------------------------------------

--
-- Table structure for table `judges`
--

CREATE TABLE `judges` (
  `ID` int(11) NOT NULL,
  `judgeuname` varchar(11) NOT NULL,
  `judgepass` varchar(11) NOT NULL,
  `judgename` varchar(50) NOT NULL
) ENGINE=InnoDB DEFAULT CHARSET=utf8;

--
-- Dumping data for table `judges`
--

INSERT INTO `judges` (`ID`, `judgeuname`, `judgepass`, `judgename`) VALUES
(1, 'judge1', 'judge1', 'Cary Jaucian'),
(2, 'judge2', 'judge2', ''),
(3, 'judge3', 'judge3', ''),
(4, 'judge4', 'judge4', ''),
(5, 'judge5', 'judge5', ''),
(6, 'judge6', 'judge6', ''),
(7, 'admin', 'admin', 'Fidelle Gatchalian');

-- --------------------------------------------------------

--
-- Table structure for table `prerate`
--

CREATE TABLE `prerate` (
  `ID` int(11) NOT NULL,
  `contestantno` int(11) NOT NULL,
  `sex` varchar(10) NOT NULL,
  `preprod` double NOT NULL,
  `uniform` double NOT NULL,
  `sportswear` double NOT NULL,
  `talent` double NOT NULL,
  `prod` double DEFAULT NULL,
  `swimwear` double DEFAULT NULL,
  `gown` double DEFAULT NULL,
  `qa` double DEFAULT NULL,
  `total` double NOT NULL
) ENGINE=InnoDB DEFAULT CHARSET=utf8;

--
-- Dumping data for table `prerate`
--

INSERT INTO `prerate` (`ID`, `contestantno`, `sex`, `preprod`, `uniform`, `sportswear`, `talent`, `prod`, `swimwear`, `gown`, `qa`, `total`) VALUES
(1, 1, 'female', 8.88, 9.3, 7.97, 8.93, NULL, NULL, NULL, NULL, 0),
(2, 2, 'female', 8.46, 9.18, 8.86, 8.24, NULL, NULL, NULL, NULL, 0),
(3, 3, 'female', 8.28, 9, 8.04, 8.66, NULL, NULL, NULL, NULL, 0),
(4, 4, 'female', 8.85, 9.5, 8.94, 9.38, NULL, NULL, NULL, NULL, 0),
(5, 5, 'female', 8.59, 9.21, 9.3, 8.03, NULL, NULL, NULL, NULL, 0),
(6, 6, 'female', 8.35, 9.38, 8.93, 8.18, NULL, NULL, NULL, NULL, 0),
(7, 7, 'female', 8.74, 9.43, 8.59, 8.35, NULL, NULL, NULL, NULL, 0),
(8, 8, 'female', 9.47, 9.48, 9.28, 9.45, NULL, NULL, NULL, NULL, 0),
(9, 9, 'female', 8.4, 8.84, 7.87, 8.31, NULL, NULL, NULL, NULL, 0),
(10, 10, 'female', 8.59, 9.19, 8.55, 8.95, NULL, NULL, NULL, NULL, 0),
(11, 1, 'male', 8.88, 9.29, 8.16, 8.88, NULL, NULL, NULL, NULL, 0),
(12, 2, 'male', 8.38, 8.83, 8.72, 8.26, NULL, NULL, NULL, NULL, 0),
(13, 3, 'male', 8.17, 8.8, 7.86, 8.47, NULL, NULL, NULL, NULL, 0),
(14, 4, 'male', 8.9, 9.45, 9.09, 9.37, NULL, NULL, NULL, NULL, 0),
(15, 5, 'male', 8.66, 9.1, 9.3, 8.12, NULL, NULL, NULL, NULL, 0),
(16, 6, 'male', 8.07, 9.19, 8.89, 8.01, NULL, NULL, NULL, NULL, 0),
(17, 7, 'male', 8.62, 9.47, 9.2, 8.52, NULL, NULL, NULL, NULL, 0),
(18, 8, 'male', 9.53, 9.53, 9.14, 9.47, NULL, NULL, NULL, NULL, 0),
(19, 9, 'male', 8.26, 8.91, 8.18, 8.5, NULL, NULL, NULL, NULL, 0),
(20, 10, 'male', 8.37, 9.04, 8.33, 8.7, NULL, NULL, NULL, NULL, 0);

-- --------------------------------------------------------

--
-- Table structure for table `prerate_old`
--

CREATE TABLE `prerate_old` (
  `ID` int(11) NOT NULL,
  `contestantno` int(11) NOT NULL,
  `sex` varchar(10) NOT NULL,
  `preprod` double NOT NULL,
  `uniform` double NOT NULL,
  `sportswear` double NOT NULL,
  `talent` double NOT NULL,
  `prod` double DEFAULT NULL,
  `swimwear` double DEFAULT NULL,
  `gown` double DEFAULT NULL,
  `qa` double DEFAULT NULL,
  `total` double NOT NULL
) ENGINE=InnoDB DEFAULT CHARSET=utf8;

--
-- Dumping data for table `prerate_old`
--

INSERT INTO `prerate_old` (`ID`, `contestantno`, `sex`, `preprod`, `uniform`, `sportswear`, `talent`, `prod`, `swimwear`, `gown`, `qa`, `total`) VALUES
(1, 1, 'female', 8.88, 9.3, 7.97, 8.93, 6.67, 1.67, 1.67, 3.67, 8.16),
(2, 2, 'female', 8.46, 9.18, 8.86, 8.24, 6.67, 2, 1.67, 4, 8.23),
(3, 3, 'female', 8.28, 9, 8.04, 8.66, 26.67, 2.33, 1.67, 4.67, 8.37),
(4, 4, 'female', 8.85, 9.5, 8.94, 9.38, 7, 2.67, 1.67, 5, 8.93),
(5, 5, 'female', 8.59, 9.21, 9.3, 8.03, 7, 3, 1.67, 5.67, 8.9),
(6, 6, 'female', 8.35, 9.38, 8.93, 8.18, 28.33, 3, 2, 6, 8.86),
(7, 7, 'female', 8.74, 9.43, 8.59, 8.35, 7, 2.67, 2, 6, 8.99),
(8, 8, 'female', 9.47, 9.48, 9.28, 9.45, 7, 2.33, 2, 5.67, 9.15),
(9, 9, 'female', 8.4, 8.84, 7.87, 8.31, 30, 2, 2, 5.67, 8.67),
(10, 10, 'female', 8.59, 9.19, 8.55, 8.95, 8, 1.67, 2, 5.33, 9.26),
(11, 1, 'male', 8.88, 9.29, 8.16, 8.88, 4.83, 2.67, 4.67, 2, 7.67),
(12, 2, 'male', 8.38, 8.83, 8.72, 8.26, 4.53, 2.67, 5, 2.33, 7.54),
(13, 3, 'male', 8.17, 8.8, 7.86, 8.47, 4.9, 2.33, 5.33, 2.67, 7.74),
(14, 4, 'male', 8.9, 9.45, 9.09, 9.37, 4.6, 2.33, 5.33, 3, 8.02),
(15, 5, 'male', 8.66, 9.1, 9.3, 8.12, 4.97, 2, 5.67, 2, 7.81),
(16, 6, 'male', 8.07, 9.19, 8.89, 8.01, 4.83, 2, 5.67, 2.33, 7.73),
(17, 7, 'male', 8.62, 9.47, 9.2, 8.52, 5.13, 1.67, 5, 2.67, 7.93),
(18, 8, 'male', 9.53, 9.53, 9.14, 9.47, 4.77, 1.67, 4.67, 3, 7.93),
(19, 9, 'male', 8.26, 8.91, 8.18, 8.5, 5.07, 2, 4.33, 2, 7.5),
(20, 10, 'male', 8.37, 9.04, 8.33, 8.7, 4.7, 2, 3.67, 2.33, 7.31);

-- --------------------------------------------------------

--
-- Table structure for table `rates`
--

CREATE TABLE `rates` (
  `ID` int(11) NOT NULL,
  `categid` int(11) NOT NULL,
  `judgeid` varchar(10) NOT NULL,
  `contestantno` int(11) NOT NULL,
  `rate` double(11,2) NOT NULL,
  `crit` varchar(5) NOT NULL
) ENGINE=InnoDB DEFAULT CHARSET=utf8;

--
-- Dumping data for table `rates`
--

INSERT INTO `rates` (`ID`, `categid`, `judgeid`, `contestantno`, `rate`, `crit`) VALUES
(1, 1, 'judge6', 1, 8.00, 'a'),
(2, 1, 'judge6', 1, 9.00, 'b'),
(3, 1, 'judge6', 1, 8.00, 'c'),
(4, 1, 'judge6', 1, 9.00, 'd'),
(5, 1, 'judge6', 2, 8.00, 'a'),
(6, 1, 'judge6', 2, 8.00, 'b'),
(7, 1, 'judge6', 2, 8.00, 'c'),
(8, 1, 'judge6', 2, 9.00, 'd'),
(9, 1, 'judge6', 3, 7.00, 'a'),
(10, 1, 'judge6', 3, 7.00, 'b'),
(11, 1, 'judge6', 3, 8.00, 'c'),
(12, 1, 'judge6', 3, 9.00, 'd'),
(13, 1, 'judge6', 4, 7.00, 'a'),
(14, 1, 'judge6', 4, 8.00, 'b'),
(15, 1, 'judge6', 4, 10.00, 'c'),
(16, 1, 'judge6', 4, 9.00, 'd'),
(17, 1, 'judge6', 5, 7.00, 'a'),
(18, 1, 'judge6', 5, 7.00, 'b'),
(19, 1, 'judge6', 5, 7.00, 'c'),
(20, 1, 'judge6', 5, 9.00, 'd'),
(21, 1, 'judge6', 6, 7.00, 'a'),
(22, 1, 'judge6', 6, 7.00, 'b'),
(23, 1, 'judge6', 6, 7.00, 'c'),
(24, 1, 'judge6', 6, 9.00, 'd'),
(25, 1, 'judge6', 7, 8.00, 'a'),
(26, 1, 'judge6', 7, 8.00, 'b'),
(27, 1, 'judge6', 7, 8.00, 'c'),
(28, 1, 'judge6', 7, 9.00, 'd'),
(29, 1, 'judge6', 8, 8.00, 'a'),
(30, 1, 'judge6', 8, 8.00, 'b'),
(31, 1, 'judge6', 8, 9.00, 'c'),
(32, 1, 'judge6', 8, 9.00, 'd'),
(33, 1, 'judge6', 9, 9.00, 'a'),
(34, 1, 'judge6', 9, 8.00, 'b'),
(35, 1, 'judge6', 9, 8.00, 'c'),
(36, 1, 'judge6', 9, 9.00, 'd'),
(37, 1, 'judge6', 10, 9.00, 'a'),
(38, 1, 'judge6', 10, 8.00, 'b'),
(39, 1, 'judge6', 10, 9.00, 'c'),
(40, 1, 'judge6', 10, 9.00, 'd'),
(41, 1, 'judge6', 11, 10.00, 'a'),
(42, 1, 'judge6', 11, 9.00, 'b'),
(43, 1, 'judge6', 11, 8.00, 'c'),
(44, 1, 'judge6', 11, 9.00, 'd'),
(45, 1, 'judge6', 12, 10.00, 'a'),
(46, 1, 'judge6', 12, 9.00, 'b'),
(47, 1, 'judge6', 12, 8.00, 'c'),
(48, 1, 'judge6', 12, 9.00, 'd'),
(49, 1, 'judge6', 13, 8.00, 'a'),
(50, 1, 'judge6', 13, 7.00, 'b'),
(51, 1, 'judge6', 13, 9.00, 'c'),
(52, 1, 'judge6', 13, 9.00, 'd'),
(53, 1, 'judge6', 14, 8.00, 'a'),
(54, 1, 'judge6', 14, 7.00, 'b'),
(55, 1, 'judge6', 14, 9.00, 'c'),
(56, 1, 'judge6', 14, 9.00, 'd'),
(57, 1, 'judge6', 15, 10.00, 'a'),
(58, 1, 'judge6', 15, 10.00, 'b'),
(59, 1, 'judge6', 15, 9.00, 'c'),
(60, 1, 'judge6', 15, 9.00, 'd'),
(61, 1, 'judge6', 16, 10.00, 'a'),
(62, 1, 'judge6', 16, 10.00, 'b'),
(63, 1, 'judge6', 16, 10.00, 'c'),
(64, 1, 'judge6', 16, 9.00, 'd'),
(65, 1, 'judge6', 17, 8.00, 'a'),
(66, 1, 'judge6', 17, 10.00, 'b'),
(67, 1, 'judge6', 17, 10.00, 'c'),
(68, 1, 'judge6', 17, 9.00, 'd'),
(69, 1, 'judge6', 18, 8.00, 'a'),
(70, 1, 'judge6', 18, 9.00, 'b'),
(71, 1, 'judge6', 18, 8.00, 'c'),
(72, 1, 'judge6', 18, 9.00, 'd'),
(73, 1, 'judge6', 19, 9.00, 'a'),
(74, 1, 'judge6', 19, 10.00, 'b'),
(75, 1, 'judge6', 19, 10.00, 'c'),
(76, 1, 'judge6', 19, 9.00, 'd'),
(77, 1, 'judge6', 20, 9.00, 'a'),
(78, 1, 'judge6', 20, 9.00, 'b'),
(79, 1, 'judge6', 20, 9.00, 'c'),
(80, 1, 'judge6', 20, 9.00, 'd'),
(81, 1, 'judge5', 1, 9.00, 'a'),
(82, 1, 'judge5', 1, 8.50, 'b'),
(83, 1, 'judge5', 1, 9.00, 'c'),
(84, 1, 'judge5', 1, 10.00, 'd'),
(85, 1, 'judge5', 2, 9.00, 'a'),
(86, 1, 'judge5', 2, 8.50, 'b'),
(87, 1, 'judge5', 2, 9.00, 'c'),
(88, 1, 'judge5', 2, 10.00, 'd'),
(89, 1, 'judge5', 3, 8.75, 'a'),
(90, 1, 'judge5', 3, 8.00, 'b'),
(91, 1, 'judge5', 3, 8.00, 'c'),
(92, 1, 'judge5', 3, 8.00, 'd'),
(93, 1, 'judge5', 4, 8.50, 'a'),
(94, 1, 'judge5', 4, 7.50, 'b'),
(95, 1, 'judge5', 4, 8.00, 'c'),
(96, 1, 'judge5', 4, 8.00, 'd'),
(97, 1, 'judge5', 5, 8.75, 'a'),
(98, 1, 'judge5', 5, 8.75, 'b'),
(99, 1, 'judge5', 5, 8.00, 'c'),
(100, 1, 'judge5', 5, 9.00, 'd'),
(101, 1, 'judge5', 6, 8.75, 'a'),
(102, 1, 'judge5', 6, 8.50, 'b'),
(103, 1, 'judge5', 6, 8.00, 'c'),
(104, 1, 'judge5', 6, 9.00, 'd'),
(105, 1, 'judge5', 7, 9.00, 'a'),
(106, 1, 'judge5', 7, 8.00, 'b'),
(107, 1, 'judge5', 7, 8.50, 'c'),
(108, 1, 'judge5', 7, 10.00, 'd'),
(109, 1, 'judge5', 8, 9.00, 'a'),
(110, 1, 'judge5', 8, 8.00, 'b'),
(111, 1, 'judge5', 8, 8.50, 'c'),
(112, 1, 'judge5', 8, 10.00, 'd'),
(113, 1, 'judge5', 9, 9.00, 'a'),
(114, 1, 'judge5', 9, 7.00, 'b'),
(115, 1, 'judge5', 9, 8.75, 'c'),
(116, 1, 'judge5', 9, 10.00, 'd'),
(117, 1, 'judge5', 10, 8.75, 'a'),
(118, 1, 'judge5', 10, 8.00, 'b'),
(119, 1, 'judge5', 10, 8.00, 'c'),
(120, 1, 'judge5', 10, 10.00, 'd'),
(121, 1, 'judge5', 11, 9.00, 'a'),
(122, 1, 'judge5', 11, 8.00, 'b'),
(123, 1, 'judge5', 11, 8.50, 'c'),
(124, 1, 'judge5', 11, 9.00, 'd'),
(125, 1, 'judge5', 12, 8.75, 'a'),
(126, 1, 'judge5', 12, 7.75, 'b'),
(127, 1, 'judge5', 12, 8.75, 'c'),
(128, 1, 'judge5', 12, 9.00, 'd'),
(129, 1, 'judge5', 13, 8.75, 'a'),
(130, 1, 'judge5', 13, 8.75, 'b'),
(131, 1, 'judge5', 13, 9.00, 'c'),
(132, 1, 'judge5', 13, 10.00, 'd'),
(133, 1, 'judge5', 14, 8.50, 'a'),
(134, 1, 'judge5', 14, 9.00, 'b'),
(135, 1, 'judge5', 14, 9.00, 'c'),
(136, 1, 'judge5', 14, 10.00, 'd'),
(137, 1, 'judge5', 15, 8.00, 'a'),
(138, 1, 'judge5', 15, 9.00, 'b'),
(139, 1, 'judge5', 15, 8.75, 'c'),
(140, 1, 'judge5', 15, 10.00, 'd'),
(141, 1, 'judge5', 16, 8.00, 'a'),
(142, 1, 'judge5', 16, 9.00, 'b'),
(143, 1, 'judge5', 16, 8.75, 'c'),
(144, 1, 'judge5', 16, 10.00, 'd'),
(145, 1, 'judge5', 17, 8.00, 'a'),
(146, 1, 'judge5', 17, 8.00, 'b'),
(147, 1, 'judge5', 17, 8.50, 'c'),
(148, 1, 'judge5', 17, 10.00, 'd'),
(149, 1, 'judge5', 18, 8.00, 'a'),
(150, 1, 'judge5', 18, 8.00, 'b'),
(151, 1, 'judge5', 18, 8.75, 'c'),
(152, 1, 'judge5', 18, 10.00, 'd'),
(153, 1, 'judge5', 19, 8.00, 'a'),
(154, 1, 'judge5', 19, 7.75, 'b'),
(155, 1, 'judge5', 19, 8.00, 'c'),
(156, 1, 'judge5', 19, 9.00, 'd'),
(157, 1, 'judge5', 20, 8.00, 'a'),
(158, 1, 'judge5', 20, 7.75, 'b'),
(159, 1, 'judge5', 20, 8.00, 'c'),
(160, 1, 'judge5', 20, 9.00, 'd'),
(161, 1, 'judge1', 1, 10.00, 'a'),
(162, 1, 'judge1', 1, 9.00, 'b'),
(163, 1, 'judge1', 1, 9.00, 'c'),
(164, 1, 'judge1', 1, 7.00, 'd'),
(165, 1, 'judge1', 2, 10.00, 'a'),
(166, 1, 'judge1', 2, 8.00, 'b'),
(167, 1, 'judge1', 2, 9.00, 'c'),
(168, 1, 'judge1', 2, 5.00, 'd'),
(169, 1, 'judge1', 3, 10.00, 'a'),
(170, 1, 'judge1', 3, 9.00, 'b'),
(171, 1, 'judge1', 3, 9.00, 'c'),
(172, 1, 'judge1', 3, 8.00, 'd'),
(173, 1, 'judge1', 4, 10.00, 'a'),
(174, 1, 'judge1', 4, 10.00, 'b'),
(175, 1, 'judge1', 4, 9.00, 'c'),
(176, 1, 'judge1', 4, 8.00, 'd'),
(177, 1, 'judge1', 5, 9.00, 'a'),
(178, 1, 'judge1', 5, 10.00, 'b'),
(179, 1, 'judge1', 5, 9.00, 'c'),
(180, 1, 'judge1', 5, 8.00, 'd'),
(181, 1, 'judge1', 6, 8.00, 'a'),
(182, 1, 'judge1', 6, 10.00, 'b'),
(183, 1, 'judge1', 6, 10.00, 'c'),
(184, 1, 'judge1', 6, 8.00, 'd'),
(185, 1, 'judge1', 7, 10.00, 'a'),
(186, 1, 'judge1', 7, 10.00, 'b'),
(187, 1, 'judge1', 7, 10.00, 'c'),
(188, 1, 'judge1', 7, 10.00, 'd'),
(189, 1, 'judge1', 8, 10.00, 'a'),
(190, 1, 'judge1', 8, 10.00, 'b'),
(191, 1, 'judge1', 8, 10.00, 'c'),
(192, 1, 'judge1', 8, 10.00, 'd'),
(193, 1, 'judge1', 9, 9.00, 'a'),
(194, 1, 'judge1', 9, 10.00, 'b'),
(195, 1, 'judge1', 9, 10.00, 'c'),
(196, 1, 'judge1', 9, 10.00, 'd'),
(197, 1, 'judge1', 10, 9.00, 'a'),
(198, 1, 'judge1', 10, 10.00, 'b'),
(199, 1, 'judge1', 10, 10.00, 'c'),
(200, 1, 'judge1', 10, 10.00, 'd'),
(201, 1, 'judge1', 11, 10.00, 'a'),
(202, 1, 'judge1', 11, 5.00, 'b'),
(203, 1, 'judge1', 11, 7.00, 'c'),
(204, 1, 'judge1', 11, 7.00, 'd'),
(205, 1, 'judge1', 12, 10.00, 'a'),
(206, 1, 'judge1', 12, 5.00, 'b'),
(207, 1, 'judge1', 12, 7.00, 'c'),
(208, 1, 'judge1', 12, 7.00, 'd'),
(209, 1, 'judge1', 13, 10.00, 'a'),
(210, 1, 'judge1', 13, 10.00, 'b'),
(211, 1, 'judge1', 13, 10.00, 'c'),
(212, 1, 'judge1', 13, 10.00, 'd'),
(213, 1, 'judge1', 14, 10.00, 'a'),
(214, 1, 'judge1', 14, 10.00, 'b'),
(215, 1, 'judge1', 14, 8.00, 'c'),
(216, 1, 'judge1', 14, 10.00, 'd'),
(217, 1, 'judge1', 15, 10.00, 'a'),
(218, 1, 'judge1', 15, 10.00, 'b'),
(219, 1, 'judge1', 15, 10.00, 'c'),
(220, 1, 'judge1', 15, 10.00, 'd'),
(221, 1, 'judge1', 16, 10.00, 'a'),
(222, 1, 'judge1', 16, 10.00, 'b'),
(223, 1, 'judge1', 16, 10.00, 'c'),
(224, 1, 'judge1', 16, 10.00, 'd'),
(225, 1, 'judge1', 17, 9.00, 'a'),
(226, 1, 'judge1', 17, 10.00, 'b'),
(227, 1, 'judge1', 17, 9.00, 'c'),
(228, 1, 'judge1', 17, 10.00, 'd'),
(229, 1, 'judge1', 18, 9.00, 'a'),
(230, 1, 'judge1', 18, 10.00, 'b'),
(231, 1, 'judge1', 18, 9.00, 'c'),
(232, 1, 'judge1', 18, 10.00, 'd'),
(233, 1, 'judge1', 19, 9.00, 'a'),
(234, 1, 'judge1', 19, 10.00, 'b'),
(235, 1, 'judge1', 19, 8.00, 'c'),
(236, 1, 'judge1', 19, 7.00, 'd'),
(237, 1, 'judge1', 20, 9.00, 'a'),
(238, 1, 'judge1', 20, 9.00, 'b'),
(239, 1, 'judge1', 20, 8.00, 'c'),
(240, 1, 'judge1', 20, 7.00, 'd'),
(241, 1, 'judge4', 1, 8.00, 'a'),
(242, 1, 'judge4', 1, 7.00, 'b'),
(243, 1, 'judge4', 1, 8.00, 'c'),
(244, 1, 'judge4', 1, 8.00, 'd'),
(245, 1, 'judge4', 2, 8.00, 'a'),
(246, 1, 'judge4', 2, 7.00, 'b'),
(247, 1, 'judge4', 2, 9.00, 'c'),
(248, 1, 'judge4', 2, 8.00, 'd'),
(249, 1, 'judge4', 3, 7.50, 'a'),
(250, 1, 'judge4', 3, 7.00, 'b'),
(251, 1, 'judge4', 3, 8.00, 'c'),
(252, 1, 'judge4', 3, 8.00, 'd'),
(253, 1, 'judge4', 4, 7.50, 'a'),
(254, 1, 'judge4', 4, 7.00, 'b'),
(255, 1, 'judge4', 4, 8.00, 'c'),
(256, 1, 'judge4', 4, 8.00, 'd'),
(257, 1, 'judge4', 5, 7.00, 'a'),
(258, 1, 'judge4', 5, 7.00, 'b'),
(259, 1, 'judge4', 5, 8.00, 'c'),
(260, 1, 'judge4', 5, 7.00, 'd'),
(261, 1, 'judge4', 6, 7.00, 'a'),
(262, 1, 'judge4', 6, 7.00, 'b'),
(263, 1, 'judge4', 6, 7.00, 'c'),
(264, 1, 'judge4', 6, 7.00, 'd'),
(265, 1, 'judge4', 7, 8.00, 'a'),
(266, 1, 'judge4', 7, 9.00, 'b'),
(267, 1, 'judge4', 7, 8.00, 'c'),
(268, 1, 'judge4', 7, 9.00, 'd'),
(269, 1, 'judge4', 8, 8.00, 'a'),
(270, 1, 'judge4', 8, 9.00, 'b'),
(271, 1, 'judge4', 8, 8.00, 'c'),
(272, 1, 'judge4', 8, 9.00, 'd'),
(273, 1, 'judge4', 9, 8.50, 'a'),
(274, 1, 'judge4', 9, 8.00, 'b'),
(275, 1, 'judge4', 9, 9.00, 'c'),
(276, 1, 'judge4', 9, 9.00, 'd'),
(277, 1, 'judge4', 10, 8.50, 'a'),
(278, 1, 'judge4', 10, 8.00, 'b'),
(279, 1, 'judge4', 10, 9.00, 'c'),
(280, 1, 'judge4', 10, 9.00, 'd'),
(281, 1, 'judge4', 11, 8.00, 'a'),
(282, 1, 'judge4', 11, 8.00, 'b'),
(283, 1, 'judge4', 11, 9.00, 'c'),
(284, 1, 'judge4', 11, 8.00, 'd'),
(285, 1, 'judge4', 12, 8.00, 'a'),
(286, 1, 'judge4', 12, 8.00, 'b'),
(287, 1, 'judge4', 12, 7.00, 'c'),
(288, 1, 'judge4', 12, 8.00, 'd'),
(289, 1, 'judge4', 13, 8.00, 'a'),
(290, 1, 'judge4', 13, 8.00, 'b'),
(291, 1, 'judge4', 13, 8.00, 'c'),
(292, 1, 'judge4', 13, 8.00, 'd'),
(293, 1, 'judge4', 14, 8.00, 'a'),
(294, 1, 'judge4', 14, 8.00, 'b'),
(295, 1, 'judge4', 14, 8.00, 'c'),
(296, 1, 'judge4', 14, 8.00, 'd'),
(297, 1, 'judge4', 15, 9.00, 'a'),
(298, 1, 'judge4', 15, 9.00, 'b'),
(299, 1, 'judge4', 15, 10.00, 'c'),
(300, 1, 'judge4', 15, 9.00, 'd'),
(301, 1, 'judge4', 16, 9.00, 'a'),
(302, 1, 'judge4', 16, 9.00, 'b'),
(303, 1, 'judge4', 16, 10.00, 'c'),
(304, 1, 'judge4', 16, 9.00, 'd'),
(305, 1, 'judge4', 17, 7.50, 'a'),
(306, 1, 'judge4', 17, 7.00, 'b'),
(307, 1, 'judge4', 17, 8.00, 'c'),
(308, 1, 'judge4', 17, 8.00, 'd'),
(309, 1, 'judge4', 18, 7.50, 'a'),
(310, 1, 'judge4', 18, 7.00, 'b'),
(311, 1, 'judge4', 18, 8.00, 'c'),
(312, 1, 'judge4', 18, 8.00, 'd'),
(313, 1, 'judge4', 19, 7.50, 'a'),
(314, 1, 'judge4', 19, 8.00, 'b'),
(315, 1, 'judge4', 19, 8.00, 'c'),
(316, 1, 'judge4', 19, 8.00, 'd'),
(317, 1, 'judge4', 20, 7.50, 'a'),
(318, 1, 'judge4', 20, 8.00, 'b'),
(319, 1, 'judge4', 20, 8.00, 'c'),
(320, 1, 'judge4', 20, 8.00, 'd'),
(321, 1, 'judge2', 1, 10.00, 'a'),
(322, 1, 'judge2', 1, 10.00, 'b'),
(323, 1, 'judge2', 1, 8.00, 'c'),
(324, 1, 'judge2', 1, 8.00, 'd'),
(325, 1, 'judge2', 2, 10.00, 'a'),
(326, 1, 'judge2', 2, 10.00, 'b'),
(327, 1, 'judge2', 2, 10.00, 'c'),
(328, 1, 'judge2', 2, 8.00, 'd'),
(329, 1, 'judge2', 3, 10.00, 'a'),
(330, 1, 'judge2', 3, 10.00, 'b'),
(331, 1, 'judge2', 3, 7.50, 'c'),
(332, 1, 'judge2', 3, 7.00, 'd'),
(333, 1, 'judge2', 4, 8.00, 'a'),
(334, 1, 'judge2', 4, 10.00, 'b'),
(335, 1, 'judge2', 4, 7.00, 'c'),
(336, 1, 'judge2', 4, 7.00, 'd'),
(337, 1, 'judge2', 5, 10.00, 'a'),
(338, 1, 'judge2', 5, 10.00, 'b'),
(339, 1, 'judge2', 5, 8.00, 'c'),
(340, 1, 'judge2', 5, 10.00, 'd'),
(341, 1, 'judge2', 6, 10.00, 'a'),
(342, 1, 'judge2', 6, 9.50, 'b'),
(343, 1, 'judge2', 6, 8.00, 'c'),
(344, 1, 'judge2', 6, 10.00, 'd'),
(345, 1, 'judge2', 7, 8.50, 'a'),
(346, 1, 'judge2', 7, 8.00, 'b'),
(347, 1, 'judge2', 7, 8.00, 'c'),
(348, 1, 'judge2', 7, 8.50, 'd'),
(349, 1, 'judge2', 8, 8.50, 'a'),
(350, 1, 'judge2', 8, 8.00, 'b'),
(351, 1, 'judge2', 8, 8.00, 'c'),
(352, 1, 'judge2', 8, 10.00, 'd'),
(353, 1, 'judge2', 9, 8.50, 'a'),
(354, 1, 'judge2', 9, 6.50, 'b'),
(355, 1, 'judge2', 9, 8.00, 'c'),
(356, 1, 'judge2', 9, 10.00, 'd'),
(357, 1, 'judge2', 10, 8.50, 'a'),
(358, 1, 'judge2', 10, 6.50, 'b'),
(359, 1, 'judge2', 10, 8.00, 'c'),
(360, 1, 'judge2', 10, 10.00, 'd'),
(361, 1, 'judge2', 11, 8.00, 'a'),
(362, 1, 'judge2', 11, 7.50, 'b'),
(363, 1, 'judge2', 11, 7.00, 'c'),
(364, 1, 'judge2', 11, 10.00, 'd'),
(365, 1, 'judge2', 12, 8.00, 'a'),
(366, 1, 'judge2', 12, 5.00, 'b'),
(367, 1, 'judge2', 12, 6.00, 'c'),
(368, 1, 'judge2', 12, 10.00, 'd'),
(369, 1, 'judge2', 13, 8.00, 'a'),
(370, 1, 'judge2', 13, 8.00, 'b'),
(371, 1, 'judge2', 13, 8.00, 'c'),
(372, 1, 'judge2', 13, 10.00, 'd'),
(373, 1, 'judge2', 14, 8.00, 'a'),
(374, 1, 'judge2', 14, 7.00, 'b'),
(375, 1, 'judge2', 14, 8.00, 'c'),
(376, 1, 'judge2', 14, 10.00, 'd'),
(377, 1, 'judge2', 15, 10.00, 'a'),
(378, 1, 'judge2', 15, 10.00, 'b'),
(379, 1, 'judge2', 15, 10.00, 'c'),
(380, 1, 'judge2', 15, 10.00, 'd'),
(381, 1, 'judge2', 16, 10.00, 'a'),
(382, 1, 'judge2', 16, 10.00, 'b'),
(383, 1, 'judge2', 16, 10.00, 'c'),
(384, 1, 'judge2', 16, 10.00, 'd'),
(385, 1, 'judge2', 17, 8.00, 'a'),
(386, 1, 'judge2', 17, 7.00, 'b'),
(387, 1, 'judge2', 17, 7.00, 'c'),
(388, 1, 'judge2', 17, 10.00, 'd'),
(389, 1, 'judge2', 18, 8.00, 'a'),
(390, 1, 'judge2', 18, 7.00, 'b'),
(391, 1, 'judge2', 18, 7.00, 'c'),
(392, 1, 'judge2', 18, 10.00, 'd'),
(393, 1, 'judge2', 19, 9.00, 'a'),
(394, 1, 'judge2', 19, 8.50, 'b'),
(395, 1, 'judge2', 19, 8.00, 'c'),
(396, 1, 'judge2', 19, 8.00, 'd'),
(397, 1, 'judge2', 20, 8.00, 'a'),
(398, 1, 'judge2', 20, 8.00, 'b'),
(399, 1, 'judge2', 20, 8.00, 'c'),
(400, 1, 'judge2', 20, 8.00, 'd'),
(401, 1, 'judge3', 1, 9.50, 'a'),
(402, 1, 'judge3', 1, 8.50, 'b'),
(403, 1, 'judge3', 1, 10.00, 'c'),
(404, 1, 'judge3', 1, 10.00, 'd'),
(405, 1, 'judge3', 2, 9.50, 'a'),
(406, 1, 'judge3', 2, 8.70, 'b'),
(407, 1, 'judge3', 2, 10.00, 'c'),
(408, 1, 'judge3', 2, 10.00, 'd'),
(409, 1, 'judge3', 3, 9.20, 'a'),
(410, 1, 'judge3', 3, 7.50, 'b'),
(411, 1, 'judge3', 3, 9.00, 'c'),
(412, 1, 'judge3', 3, 10.00, 'd'),
(413, 1, 'judge3', 4, 9.20, 'a'),
(414, 1, 'judge3', 4, 7.50, 'b'),
(415, 1, 'judge3', 4, 9.00, 'c'),
(416, 1, 'judge3', 4, 10.00, 'd'),
(417, 1, 'judge3', 5, 8.30, 'a'),
(418, 1, 'judge3', 5, 7.00, 'b'),
(419, 1, 'judge3', 5, 8.00, 'c'),
(420, 1, 'judge3', 5, 9.00, 'd'),
(421, 1, 'judge3', 6, 8.40, 'a'),
(422, 1, 'judge3', 6, 7.00, 'b'),
(423, 1, 'judge3', 6, 8.00, 'c'),
(424, 1, 'judge3', 6, 9.00, 'd'),
(425, 1, 'judge3', 7, 9.60, 'a'),
(426, 1, 'judge3', 7, 10.00, 'b'),
(427, 1, 'judge3', 7, 10.00, 'c'),
(428, 1, 'judge3', 7, 10.00, 'd'),
(429, 1, 'judge3', 8, 9.60, 'a'),
(430, 1, 'judge3', 8, 10.00, 'b'),
(431, 1, 'judge3', 8, 10.00, 'c'),
(432, 1, 'judge3', 8, 10.00, 'd'),
(433, 1, 'judge3', 9, 8.50, 'a'),
(434, 1, 'judge3', 9, 7.00, 'b'),
(435, 1, 'judge3', 9, 10.00, 'c'),
(436, 1, 'judge3', 9, 10.00, 'd'),
(437, 1, 'judge3', 10, 8.50, 'a'),
(438, 1, 'judge3', 10, 8.00, 'b'),
(439, 1, 'judge3', 10, 10.00, 'c'),
(440, 1, 'judge3', 10, 10.00, 'd'),
(441, 1, 'judge3', 11, 8.00, 'a'),
(442, 1, 'judge3', 11, 7.00, 'b'),
(443, 1, 'judge3', 11, 9.50, 'c'),
(444, 1, 'judge3', 11, 10.00, 'd'),
(445, 1, 'judge3', 12, 8.00, 'a'),
(446, 1, 'judge3', 12, 7.00, 'b'),
(447, 1, 'judge3', 12, 8.00, 'c'),
(448, 1, 'judge3', 12, 10.00, 'd'),
(449, 1, 'judge3', 13, 9.20, 'a'),
(450, 1, 'judge3', 13, 9.50, 'b'),
(451, 1, 'judge3', 13, 10.00, 'c'),
(452, 1, 'judge3', 13, 10.00, 'd'),
(453, 1, 'judge3', 14, 9.20, 'a'),
(454, 1, 'judge3', 14, 9.40, 'b'),
(455, 1, 'judge3', 14, 10.00, 'c'),
(456, 1, 'judge3', 14, 10.00, 'd'),
(457, 1, 'judge3', 15, 9.30, 'a'),
(458, 1, 'judge3', 15, 9.30, 'b'),
(459, 1, 'judge3', 15, 9.50, 'c'),
(460, 1, 'judge3', 15, 10.00, 'd'),
(461, 1, 'judge3', 16, 9.40, 'a'),
(462, 1, 'judge3', 16, 9.30, 'b'),
(463, 1, 'judge3', 16, 10.00, 'c'),
(464, 1, 'judge3', 16, 10.00, 'd'),
(465, 1, 'judge3', 17, 8.50, 'a'),
(466, 1, 'judge3', 17, 9.00, 'b'),
(467, 1, 'judge3', 17, 9.00, 'c'),
(468, 1, 'judge3', 17, 10.00, 'd'),
(469, 1, 'judge3', 18, 8.00, 'a'),
(470, 1, 'judge3', 18, 9.00, 'b'),
(471, 1, 'judge3', 18, 9.00, 'c'),
(472, 1, 'judge3', 18, 10.00, 'd'),
(473, 1, 'judge3', 19, 8.50, 'a'),
(474, 1, 'judge3', 19, 9.00, 'b'),
(475, 1, 'judge3', 19, 9.00, 'c'),
(476, 1, 'judge3', 19, 10.00, 'd'),
(477, 1, 'judge3', 20, 8.50, 'a'),
(478, 1, 'judge3', 20, 9.00, 'b'),
(479, 1, 'judge3', 20, 9.00, 'c'),
(480, 1, 'judge3', 20, 10.00, 'd'),
(481, 2, 'judge1', 1, 6.00, 'a'),
(482, 2, 'judge1', 1, 7.00, 'b'),
(483, 2, 'judge1', 1, 8.00, 'c'),
(484, 2, 'judge1', 2, 7.00, 'a'),
(485, 2, 'judge1', 2, 8.00, 'b'),
(486, 2, 'judge1', 2, 10.00, 'c'),
(487, 2, 'judge1', 3, 9.50, 'a'),
(488, 2, 'judge1', 3, 8.50, 'b'),
(489, 2, 'judge1', 3, 10.00, 'c'),
(490, 2, 'judge1', 4, 9.00, 'a'),
(491, 2, 'judge1', 4, 9.00, 'b'),
(492, 2, 'judge1', 4, 10.00, 'c'),
(493, 2, 'judge1', 5, 7.00, 'a'),
(494, 2, 'judge1', 5, 9.00, 'b'),
(495, 2, 'judge1', 5, 10.00, 'c'),
(496, 2, 'judge1', 6, 7.00, 'a'),
(497, 2, 'judge1', 6, 6.00, 'b'),
(498, 2, 'judge1', 6, 8.00, 'c'),
(499, 2, 'judge1', 7, 10.00, 'a'),
(500, 2, 'judge1', 7, 9.00, 'b'),
(501, 2, 'judge1', 7, 10.00, 'c'),
(502, 2, 'judge1', 8, 10.00, 'a'),
(503, 2, 'judge1', 8, 10.00, 'b'),
(504, 2, 'judge1', 8, 10.00, 'c'),
(505, 2, 'judge1', 9, 10.00, 'a'),
(506, 2, 'judge1', 9, 10.00, 'b'),
(507, 2, 'judge1', 9, 9.00, 'c'),
(508, 2, 'judge1', 10, 10.00, 'a'),
(509, 2, 'judge1', 10, 10.00, 'b'),
(510, 2, 'judge1', 10, 10.00, 'c'),
(511, 2, 'judge1', 11, 10.00, 'a'),
(512, 2, 'judge1', 11, 10.00, 'b'),
(513, 2, 'judge1', 11, 7.00, 'c'),
(514, 2, 'judge1', 12, 10.00, 'a'),
(515, 2, 'judge1', 12, 10.00, 'b'),
(516, 2, 'judge1', 12, 7.00, 'c'),
(517, 2, 'judge1', 13, 8.00, 'a'),
(518, 2, 'judge1', 13, 7.00, 'b'),
(519, 2, 'judge1', 13, 9.00, 'c'),
(520, 2, 'judge1', 14, 9.00, 'a'),
(521, 2, 'judge1', 14, 9.00, 'b'),
(522, 2, 'judge1', 14, 9.00, 'c'),
(523, 2, 'judge1', 15, 10.00, 'a'),
(524, 2, 'judge1', 15, 10.00, 'b'),
(525, 2, 'judge1', 15, 10.00, 'c'),
(526, 2, 'judge1', 16, 10.00, 'a'),
(527, 2, 'judge1', 16, 10.00, 'b'),
(528, 2, 'judge1', 16, 10.00, 'c'),
(529, 2, 'judge1', 17, 8.00, 'a'),
(530, 2, 'judge1', 17, 6.00, 'b'),
(531, 2, 'judge1', 17, 7.00, 'c'),
(532, 2, 'judge1', 18, 8.00, 'a'),
(533, 2, 'judge1', 18, 6.00, 'b'),
(534, 2, 'judge1', 18, 7.00, 'c'),
(535, 2, 'judge1', 19, 10.00, 'a'),
(536, 2, 'judge1', 19, 8.00, 'b'),
(537, 2, 'judge1', 19, 9.00, 'c'),
(538, 2, 'judge1', 20, 10.00, 'a'),
(539, 2, 'judge1', 20, 8.00, 'b'),
(540, 2, 'judge1', 20, 9.00, 'c'),
(541, 2, 'judge3', 1, 7.50, 'a'),
(542, 2, 'judge3', 1, 8.00, 'b'),
(543, 2, 'judge3', 1, 9.00, 'c'),
(544, 2, 'judge3', 2, 7.50, 'a'),
(545, 2, 'judge3', 2, 8.00, 'b'),
(546, 2, 'judge3', 2, 9.50, 'c'),
(547, 2, 'judge3', 3, 8.00, 'a'),
(548, 2, 'judge3', 3, 8.50, 'b'),
(549, 2, 'judge3', 3, 9.50, 'c'),
(550, 2, 'judge3', 4, 8.00, 'a'),
(551, 2, 'judge3', 4, 8.50, 'b'),
(552, 2, 'judge3', 4, 9.50, 'c'),
(553, 2, 'judge3', 5, 8.00, 'a'),
(554, 2, 'judge3', 5, 8.00, 'b'),
(555, 2, 'judge3', 5, 8.50, 'c'),
(556, 2, 'judge3', 6, 8.00, 'a'),
(557, 2, 'judge3', 6, 8.00, 'b'),
(558, 2, 'judge3', 6, 8.50, 'c'),
(559, 2, 'judge3', 7, 9.00, 'a'),
(560, 2, 'judge3', 7, 9.00, 'b'),
(561, 2, 'judge3', 7, 9.50, 'c'),
(562, 2, 'judge3', 8, 9.00, 'a'),
(563, 2, 'judge3', 8, 9.00, 'b'),
(564, 2, 'judge3', 8, 9.50, 'c'),
(565, 2, 'judge3', 9, 9.40, 'a'),
(566, 2, 'judge3', 9, 9.00, 'b'),
(567, 2, 'judge3', 9, 9.00, 'c'),
(568, 2, 'judge3', 10, 9.40, 'a'),
(569, 2, 'judge3', 10, 9.00, 'b'),
(570, 2, 'judge3', 10, 9.00, 'c'),
(571, 2, 'judge3', 11, 9.50, 'a'),
(572, 2, 'judge3', 11, 9.00, 'b'),
(573, 2, 'judge3', 11, 8.00, 'c'),
(574, 2, 'judge3', 12, 9.50, 'a'),
(575, 2, 'judge3', 12, 9.00, 'b'),
(576, 2, 'judge3', 12, 8.00, 'c'),
(577, 2, 'judge3', 13, 9.50, 'a'),
(578, 2, 'judge3', 13, 9.00, 'b'),
(579, 2, 'judge3', 13, 9.00, 'c'),
(580, 2, 'judge3', 14, 9.60, 'a'),
(581, 2, 'judge3', 14, 9.50, 'b'),
(582, 2, 'judge3', 14, 9.00, 'c'),
(583, 2, 'judge3', 15, 8.90, 'a'),
(584, 2, 'judge3', 15, 9.00, 'b'),
(585, 2, 'judge3', 15, 8.90, 'c'),
(586, 2, 'judge3', 16, 8.90, 'a'),
(587, 2, 'judge3', 16, 9.00, 'b'),
(588, 2, 'judge3', 16, 9.30, 'c'),
(589, 2, 'judge3', 17, 7.50, 'a'),
(590, 2, 'judge3', 17, 7.50, 'b'),
(591, 2, 'judge3', 17, 8.00, 'c'),
(592, 2, 'judge3', 18, 8.00, 'a'),
(593, 2, 'judge3', 18, 8.00, 'b'),
(594, 2, 'judge3', 18, 8.00, 'c'),
(595, 2, 'judge3', 19, 8.90, 'a'),
(596, 2, 'judge3', 19, 8.90, 'b'),
(597, 2, 'judge3', 19, 8.00, 'c'),
(598, 2, 'judge3', 20, 8.60, 'a'),
(599, 2, 'judge3', 20, 8.00, 'b'),
(600, 2, 'judge3', 20, 8.00, 'c'),
(601, 2, 'judge2', 1, 8.00, 'a'),
(602, 2, 'judge2', 1, 8.00, 'b'),
(603, 2, 'judge2', 1, 9.00, 'c'),
(604, 2, 'judge2', 2, 8.00, 'a'),
(605, 2, 'judge2', 2, 8.00, 'b'),
(606, 2, 'judge2', 2, 9.50, 'c'),
(607, 2, 'judge2', 3, 9.00, 'a'),
(608, 2, 'judge2', 3, 9.00, 'b'),
(609, 2, 'judge2', 3, 9.50, 'c'),
(610, 2, 'judge2', 4, 8.00, 'a'),
(611, 2, 'judge2', 4, 8.00, 'b'),
(612, 2, 'judge2', 4, 8.00, 'c'),
(613, 2, 'judge2', 5, 8.00, 'a'),
(614, 2, 'judge2', 5, 8.50, 'b'),
(615, 2, 'judge2', 5, 8.00, 'c'),
(616, 2, 'judge2', 6, 8.00, 'a'),
(617, 2, 'judge2', 6, 8.50, 'b'),
(618, 2, 'judge2', 6, 8.00, 'c'),
(619, 2, 'judge2', 7, 8.00, 'a'),
(620, 2, 'judge2', 7, 8.00, 'b'),
(621, 2, 'judge2', 7, 8.00, 'c'),
(622, 2, 'judge2', 8, 8.50, 'a'),
(623, 2, 'judge2', 8, 8.00, 'b'),
(624, 2, 'judge2', 8, 8.00, 'c'),
(625, 2, 'judge2', 9, 9.00, 'a'),
(626, 2, 'judge2', 9, 8.50, 'b'),
(627, 2, 'judge2', 9, 8.00, 'c'),
(628, 2, 'judge2', 10, 8.50, 'a'),
(629, 2, 'judge2', 10, 8.50, 'b'),
(630, 2, 'judge2', 10, 8.00, 'c'),
(631, 2, 'judge2', 11, 9.00, 'a'),
(632, 2, 'judge2', 11, 8.50, 'b'),
(633, 2, 'judge2', 11, 8.00, 'c'),
(634, 2, 'judge2', 12, 9.00, 'a'),
(635, 2, 'judge2', 12, 8.50, 'b'),
(636, 2, 'judge2', 12, 8.00, 'c'),
(637, 2, 'judge2', 13, 8.50, 'a'),
(638, 2, 'judge2', 13, 8.00, 'b'),
(639, 2, 'judge2', 13, 8.00, 'c'),
(640, 2, 'judge2', 14, 9.50, 'a'),
(641, 2, 'judge2', 14, 9.00, 'b'),
(642, 2, 'judge2', 14, 9.00, 'c'),
(643, 2, 'judge2', 15, 9.00, 'a'),
(644, 2, 'judge2', 15, 9.00, 'b'),
(645, 2, 'judge2', 15, 9.50, 'c'),
(646, 2, 'judge2', 16, 8.50, 'a'),
(647, 2, 'judge2', 16, 8.50, 'b'),
(648, 2, 'judge2', 16, 8.40, 'c'),
(649, 2, 'judge2', 17, 8.00, 'a'),
(650, 2, 'judge2', 17, 8.00, 'b'),
(651, 2, 'judge2', 17, 8.00, 'c'),
(652, 2, 'judge2', 18, 8.50, 'a'),
(653, 2, 'judge2', 18, 7.00, 'b'),
(654, 2, 'judge2', 18, 8.00, 'c'),
(655, 2, 'judge2', 19, 9.00, 'a'),
(656, 2, 'judge2', 19, 7.50, 'b'),
(657, 2, 'judge2', 19, 8.00, 'c'),
(658, 2, 'judge2', 20, 8.00, 'a'),
(659, 2, 'judge2', 20, 7.50, 'b'),
(660, 2, 'judge2', 20, 8.00, 'c'),
(661, 2, 'judge4', 1, 8.50, 'a'),
(662, 2, 'judge4', 1, 8.00, 'b'),
(663, 2, 'judge4', 1, 9.00, 'c'),
(664, 2, 'judge4', 2, 8.50, 'a'),
(665, 2, 'judge4', 2, 8.00, 'b'),
(666, 2, 'judge4', 2, 9.00, 'c'),
(667, 2, 'judge4', 3, 7.50, 'a'),
(668, 2, 'judge4', 3, 8.00, 'b'),
(669, 2, 'judge4', 3, 8.50, 'c'),
(670, 2, 'judge4', 4, 7.50, 'a'),
(671, 2, 'judge4', 4, 8.00, 'b'),
(672, 2, 'judge4', 4, 8.00, 'c'),
(673, 2, 'judge4', 5, 8.00, 'a'),
(674, 2, 'judge4', 5, 8.00, 'b'),
(675, 2, 'judge4', 5, 8.00, 'c'),
(676, 2, 'judge4', 6, 8.00, 'a'),
(677, 2, 'judge4', 6, 8.00, 'b'),
(678, 2, 'judge4', 6, 8.00, 'c'),
(679, 2, 'judge4', 7, 9.00, 'a'),
(680, 2, 'judge4', 7, 8.50, 'b'),
(681, 2, 'judge4', 7, 9.00, 'c'),
(682, 2, 'judge4', 8, 9.00, 'a'),
(683, 2, 'judge4', 8, 8.50, 'b'),
(684, 2, 'judge4', 8, 9.00, 'c'),
(685, 2, 'judge4', 9, 9.00, 'a'),
(686, 2, 'judge4', 9, 9.00, 'b'),
(687, 2, 'judge4', 9, 8.00, 'c'),
(688, 2, 'judge4', 10, 9.00, 'a'),
(689, 2, 'judge4', 10, 9.00, 'b'),
(690, 2, 'judge4', 10, 8.00, 'c'),
(691, 2, 'judge4', 11, 9.00, 'a'),
(692, 2, 'judge4', 11, 8.00, 'b'),
(693, 2, 'judge4', 11, 8.00, 'c'),
(694, 2, 'judge4', 12, 9.00, 'a'),
(695, 2, 'judge4', 12, 8.00, 'b'),
(696, 2, 'judge4', 12, 7.00, 'c'),
(697, 2, 'judge4', 13, 8.50, 'a'),
(698, 2, 'judge4', 13, 8.00, 'b'),
(699, 2, 'judge4', 13, 9.00, 'c'),
(700, 2, 'judge4', 14, 9.00, 'a'),
(701, 2, 'judge4', 14, 8.00, 'b'),
(702, 2, 'judge4', 14, 9.00, 'c'),
(703, 2, 'judge4', 15, 10.00, 'a'),
(704, 2, 'judge4', 15, 10.00, 'b'),
(705, 2, 'judge4', 15, 10.00, 'c'),
(706, 2, 'judge4', 16, 10.00, 'a'),
(707, 2, 'judge4', 16, 10.00, 'b'),
(708, 2, 'judge4', 16, 10.00, 'c'),
(709, 2, 'judge4', 17, 7.00, 'a'),
(710, 2, 'judge4', 17, 8.00, 'b'),
(711, 2, 'judge4', 17, 7.00, 'c'),
(712, 2, 'judge4', 18, 7.50, 'a'),
(713, 2, 'judge4', 18, 9.00, 'b'),
(714, 2, 'judge4', 18, 7.50, 'c'),
(715, 2, 'judge4', 19, 7.00, 'a'),
(716, 2, 'judge4', 19, 7.00, 'b'),
(717, 2, 'judge4', 19, 8.00, 'c'),
(718, 2, 'judge4', 20, 7.00, 'a'),
(719, 2, 'judge4', 20, 7.00, 'b'),
(720, 2, 'judge4', 20, 8.00, 'c'),
(721, 2, 'judge6', 1, 8.00, 'a'),
(722, 2, 'judge6', 1, 8.00, 'b'),
(723, 2, 'judge6', 1, 8.00, 'c'),
(724, 2, 'judge6', 2, 8.00, 'a'),
(725, 2, 'judge6', 2, 8.00, 'b'),
(726, 2, 'judge6', 2, 8.00, 'c'),
(727, 2, 'judge6', 3, 10.00, 'a'),
(728, 2, 'judge6', 3, 10.00, 'b'),
(729, 2, 'judge6', 3, 10.00, 'c'),
(730, 2, 'judge6', 4, 10.00, 'a'),
(731, 2, 'judge6', 4, 10.00, 'b'),
(732, 2, 'judge6', 4, 10.00, 'c'),
(733, 2, 'judge6', 5, 8.00, 'a'),
(734, 2, 'judge6', 5, 8.00, 'b'),
(735, 2, 'judge6', 5, 7.00, 'c'),
(736, 2, 'judge6', 6, 8.00, 'a'),
(737, 2, 'judge6', 6, 8.00, 'b'),
(738, 2, 'judge6', 6, 8.00, 'c'),
(739, 2, 'judge6', 7, 9.00, 'a'),
(740, 2, 'judge6', 7, 9.00, 'b'),
(741, 2, 'judge6', 7, 10.00, 'c'),
(742, 2, 'judge6', 8, 9.00, 'a'),
(743, 2, 'judge6', 8, 9.00, 'b'),
(744, 2, 'judge6', 8, 10.00, 'c'),
(745, 2, 'judge6', 9, 10.00, 'a'),
(746, 2, 'judge6', 9, 10.00, 'b'),
(747, 2, 'judge6', 9, 10.00, 'c'),
(748, 2, 'judge6', 10, 10.00, 'a'),
(749, 2, 'judge6', 10, 10.00, 'b'),
(750, 2, 'judge6', 10, 10.00, 'c'),
(751, 2, 'judge6', 11, 10.00, 'a'),
(752, 2, 'judge6', 11, 8.00, 'b'),
(753, 2, 'judge6', 11, 8.00, 'c'),
(754, 2, 'judge6', 12, 10.00, 'a'),
(755, 2, 'judge6', 12, 8.00, 'b'),
(756, 2, 'judge6', 12, 8.00, 'c'),
(757, 2, 'judge6', 13, 10.00, 'a'),
(758, 2, 'judge6', 13, 9.00, 'b'),
(759, 2, 'judge6', 13, 9.00, 'c'),
(760, 2, 'judge6', 14, 10.00, 'a'),
(761, 2, 'judge6', 14, 9.00, 'b'),
(762, 2, 'judge6', 14, 9.00, 'c'),
(763, 2, 'judge6', 15, 9.00, 'a'),
(764, 2, 'judge6', 15, 10.00, 'b'),
(765, 2, 'judge6', 15, 10.00, 'c'),
(766, 2, 'judge6', 16, 9.00, 'a'),
(767, 2, 'judge6', 16, 10.00, 'b'),
(768, 2, 'judge6', 16, 9.00, 'c'),
(769, 2, 'judge6', 17, 8.00, 'a'),
(770, 2, 'judge6', 17, 9.00, 'b'),
(771, 2, 'judge6', 17, 9.00, 'c'),
(772, 2, 'judge6', 18, 9.00, 'a'),
(773, 2, 'judge6', 18, 9.00, 'b'),
(774, 2, 'judge6', 18, 10.00, 'c'),
(775, 2, 'judge6', 19, 9.00, 'a'),
(776, 2, 'judge6', 19, 9.00, 'b'),
(777, 2, 'judge6', 19, 10.00, 'c'),
(778, 2, 'judge6', 20, 9.00, 'a'),
(779, 2, 'judge6', 20, 9.00, 'b'),
(780, 2, 'judge6', 20, 9.00, 'c'),
(781, 2, 'judge5', 1, 8.00, 'a'),
(782, 2, 'judge5', 1, 8.75, 'b'),
(783, 2, 'judge5', 1, 9.00, 'c'),
(784, 2, 'judge5', 2, 8.00, 'a'),
(785, 2, 'judge5', 2, 8.00, 'b'),
(786, 2, 'judge5', 2, 9.00, 'c'),
(787, 2, 'judge5', 3, 8.75, 'a'),
(788, 2, 'judge5', 3, 8.00, 'b'),
(789, 2, 'judge5', 3, 8.75, 'c'),
(790, 2, 'judge5', 4, 8.75, 'a'),
(791, 2, 'judge5', 4, 9.00, 'b'),
(792, 2, 'judge5', 4, 9.00, 'c'),
(793, 2, 'judge5', 5, 7.75, 'a'),
(794, 2, 'judge5', 5, 8.00, 'b'),
(795, 2, 'judge5', 5, 8.00, 'c'),
(796, 2, 'judge5', 6, 7.75, 'a'),
(797, 2, 'judge5', 6, 8.00, 'b'),
(798, 2, 'judge5', 6, 8.75, 'c'),
(799, 2, 'judge5', 7, 8.75, 'a'),
(800, 2, 'judge5', 7, 9.00, 'b'),
(801, 2, 'judge5', 7, 9.00, 'c'),
(802, 2, 'judge5', 8, 9.50, 'a'),
(803, 2, 'judge5', 8, 9.00, 'b'),
(804, 2, 'judge5', 8, 8.75, 'c'),
(805, 2, 'judge5', 9, 9.50, 'a'),
(806, 2, 'judge5', 9, 9.50, 'b'),
(807, 2, 'judge5', 9, 9.00, 'c'),
(808, 2, 'judge5', 10, 9.50, 'a'),
(809, 2, 'judge5', 10, 9.50, 'b'),
(810, 2, 'judge5', 10, 9.00, 'c'),
(811, 2, 'judge5', 11, 10.00, 'a'),
(812, 2, 'judge5', 11, 8.75, 'b'),
(813, 2, 'judge5', 11, 8.00, 'c'),
(814, 2, 'judge5', 12, 10.00, 'a'),
(815, 2, 'judge5', 12, 8.75, 'b'),
(816, 2, 'judge5', 12, 8.00, 'c'),
(817, 2, 'judge5', 13, 8.00, 'a'),
(818, 2, 'judge5', 13, 8.50, 'b'),
(819, 2, 'judge5', 13, 9.00, 'c'),
(820, 2, 'judge5', 14, 9.50, 'a'),
(821, 2, 'judge5', 14, 9.50, 'b'),
(822, 2, 'judge5', 14, 9.00, 'c'),
(823, 2, 'judge5', 15, 8.00, 'a'),
(824, 2, 'judge5', 15, 8.00, 'b'),
(825, 2, 'judge5', 15, 8.50, 'c'),
(826, 2, 'judge5', 16, 8.00, 'a'),
(827, 2, 'judge5', 16, 8.00, 'b'),
(828, 2, 'judge5', 16, 8.00, 'c'),
(829, 2, 'judge5', 17, 9.00, 'a'),
(830, 2, 'judge5', 17, 8.50, 'b'),
(831, 2, 'judge5', 17, 8.00, 'c'),
(832, 2, 'judge5', 18, 9.00, 'a'),
(833, 2, 'judge5', 18, 8.75, 'b'),
(834, 2, 'judge5', 18, 8.75, 'c'),
(835, 2, 'judge5', 19, 9.00, 'a'),
(836, 2, 'judge5', 19, 8.50, 'b'),
(837, 2, 'judge5', 19, 8.75, 'c'),
(838, 2, 'judge5', 20, 9.00, 'a'),
(839, 2, 'judge5', 20, 8.00, 'b'),
(840, 2, 'judge5', 20, 8.75, 'c'),
(841, 3, 'judge5', 1, 9.00, 'a'),
(842, 3, 'judge5', 1, 9.00, 'b'),
(843, 3, 'judge5', 1, 8.75, 'c'),
(844, 3, 'judge5', 1, 8.00, 'd'),
(845, 3, 'judge5', 1, 9.00, 'e'),
(846, 3, 'judge5', 2, 9.00, 'a'),
(847, 3, 'judge5', 2, 9.00, 'b'),
(848, 3, 'judge5', 2, 8.75, 'c'),
(849, 3, 'judge5', 2, 8.00, 'd'),
(850, 3, 'judge5', 2, 9.00, 'e'),
(851, 3, 'judge5', 3, 8.50, 'a'),
(852, 3, 'judge5', 3, 8.75, 'b'),
(853, 3, 'judge5', 3, 8.00, 'c'),
(854, 3, 'judge5', 3, 8.00, 'd'),
(855, 3, 'judge5', 3, 8.75, 'e'),
(856, 3, 'judge5', 4, 9.00, 'a'),
(857, 3, 'judge5', 4, 8.75, 'b'),
(858, 3, 'judge5', 4, 8.00, 'c'),
(859, 3, 'judge5', 4, 8.00, 'd'),
(860, 3, 'judge5', 4, 8.75, 'e'),
(861, 3, 'judge5', 5, 8.00, 'a'),
(862, 3, 'judge5', 5, 7.75, 'b'),
(863, 3, 'judge5', 5, 7.75, 'c'),
(864, 3, 'judge5', 5, 8.00, 'd'),
(865, 3, 'judge5', 5, 8.00, 'e'),
(866, 3, 'judge5', 6, 7.00, 'a'),
(867, 3, 'judge5', 6, 7.75, 'b'),
(868, 3, 'judge5', 6, 7.75, 'c'),
(869, 3, 'judge5', 6, 8.00, 'd'),
(870, 3, 'judge5', 6, 8.00, 'e'),
(871, 3, 'judge5', 7, 9.00, 'a'),
(872, 3, 'judge5', 7, 9.50, 'b'),
(873, 3, 'judge5', 7, 9.50, 'c'),
(874, 3, 'judge5', 7, 9.50, 'd'),
(875, 3, 'judge5', 7, 9.50, 'e'),
(876, 3, 'judge5', 8, 9.50, 'a'),
(877, 3, 'judge5', 8, 9.50, 'b'),
(878, 3, 'judge5', 8, 9.50, 'c'),
(879, 3, 'judge5', 8, 9.50, 'd'),
(880, 3, 'judge5', 8, 9.50, 'e'),
(881, 3, 'judge5', 9, 7.75, 'a'),
(882, 3, 'judge5', 9, 8.00, 'b'),
(883, 3, 'judge5', 9, 8.00, 'c'),
(884, 3, 'judge5', 9, 8.00, 'd'),
(885, 3, 'judge5', 9, 8.00, 'e'),
(886, 3, 'judge5', 10, 8.00, 'a'),
(887, 3, 'judge5', 10, 8.00, 'b'),
(888, 3, 'judge5', 10, 8.00, 'c'),
(889, 3, 'judge5', 10, 8.00, 'd'),
(890, 3, 'judge5', 10, 8.00, 'e'),
(891, 3, 'judge5', 11, 8.00, 'a'),
(892, 3, 'judge5', 11, 8.00, 'b'),
(893, 3, 'judge5', 11, 7.75, 'c'),
(894, 3, 'judge5', 11, 8.00, 'd'),
(895, 3, 'judge5', 11, 8.00, 'e'),
(896, 3, 'judge5', 12, 7.75, 'a'),
(897, 3, 'judge5', 12, 8.00, 'b'),
(898, 3, 'judge5', 12, 7.75, 'c'),
(899, 3, 'judge5', 12, 8.00, 'd'),
(900, 3, 'judge5', 12, 8.00, 'e'),
(901, 3, 'judge5', 13, 7.50, 'a'),
(902, 3, 'judge5', 13, 7.75, 'b'),
(903, 3, 'judge5', 13, 8.00, 'c'),
(904, 3, 'judge5', 13, 8.00, 'd'),
(905, 3, 'judge5', 13, 8.00, 'e'),
(906, 3, 'judge5', 14, 8.00, 'a'),
(907, 3, 'judge5', 14, 7.75, 'b'),
(908, 3, 'judge5', 14, 8.00, 'c'),
(909, 3, 'judge5', 14, 8.00, 'd'),
(910, 3, 'judge5', 14, 8.00, 'e'),
(911, 3, 'judge5', 15, 8.00, 'a'),
(912, 3, 'judge5', 15, 9.50, 'b'),
(913, 3, 'judge5', 15, 9.50, 'c'),
(914, 3, 'judge5', 15, 9.00, 'd'),
(915, 3, 'judge5', 15, 9.00, 'e'),
(916, 3, 'judge5', 16, 8.50, 'a'),
(917, 3, 'judge5', 16, 9.50, 'b'),
(918, 3, 'judge5', 16, 9.50, 'c'),
(919, 3, 'judge5', 16, 9.00, 'd'),
(920, 3, 'judge5', 16, 9.00, 'e'),
(921, 3, 'judge5', 17, 8.50, 'a'),
(922, 3, 'judge5', 17, 8.00, 'b'),
(923, 3, 'judge5', 17, 8.00, 'c'),
(924, 3, 'judge5', 17, 8.00, 'd'),
(925, 3, 'judge5', 17, 8.50, 'e'),
(926, 3, 'judge5', 18, 8.50, 'a'),
(927, 3, 'judge5', 18, 8.00, 'b'),
(928, 3, 'judge5', 18, 8.00, 'c'),
(929, 3, 'judge5', 18, 8.00, 'd'),
(930, 3, 'judge5', 18, 8.50, 'e'),
(931, 3, 'judge5', 19, 9.00, 'a'),
(932, 3, 'judge5', 19, 8.00, 'b'),
(933, 3, 'judge5', 19, 8.00, 'c'),
(934, 3, 'judge5', 19, 8.50, 'd'),
(935, 3, 'judge5', 19, 8.75, 'e'),
(936, 3, 'judge5', 20, 8.50, 'a'),
(937, 3, 'judge5', 20, 8.00, 'b'),
(938, 3, 'judge5', 20, 8.00, 'c'),
(939, 3, 'judge5', 20, 8.50, 'd'),
(940, 3, 'judge5', 20, 8.50, 'e'),
(941, 3, 'judge6', 1, 8.00, 'a'),
(942, 3, 'judge6', 1, 9.00, 'b'),
(943, 3, 'judge6', 1, 8.00, 'c'),
(944, 3, 'judge6', 1, 8.00, 'd'),
(945, 3, 'judge6', 1, 10.00, 'e'),
(946, 3, 'judge6', 2, 8.00, 'a'),
(947, 3, 'judge6', 2, 8.00, 'b'),
(948, 3, 'judge6', 2, 8.00, 'c'),
(949, 3, 'judge6', 2, 8.00, 'd'),
(950, 3, 'judge6', 2, 10.00, 'e'),
(951, 3, 'judge6', 3, 9.00, 'a'),
(952, 3, 'judge6', 3, 8.00, 'b'),
(953, 3, 'judge6', 3, 7.00, 'c'),
(954, 3, 'judge6', 3, 7.00, 'd'),
(955, 3, 'judge6', 3, 8.00, 'e'),
(956, 3, 'judge6', 4, 9.00, 'a'),
(957, 3, 'judge6', 4, 8.00, 'b'),
(958, 3, 'judge6', 4, 7.00, 'c'),
(959, 3, 'judge6', 4, 7.00, 'd'),
(960, 3, 'judge6', 4, 8.00, 'e'),
(961, 3, 'judge6', 5, 8.00, 'a'),
(962, 3, 'judge6', 5, 8.00, 'b'),
(963, 3, 'judge6', 5, 9.00, 'c'),
(964, 3, 'judge6', 5, 9.00, 'd'),
(965, 3, 'judge6', 5, 9.00, 'e'),
(966, 3, 'judge6', 6, 8.00, 'a'),
(967, 3, 'judge6', 6, 8.00, 'b'),
(968, 3, 'judge6', 6, 9.00, 'c'),
(969, 3, 'judge6', 6, 9.00, 'd'),
(970, 3, 'judge6', 6, 9.00, 'e'),
(971, 3, 'judge6', 7, 10.00, 'a'),
(972, 3, 'judge6', 7, 10.00, 'b'),
(973, 3, 'judge6', 7, 10.00, 'c'),
(974, 3, 'judge6', 7, 9.00, 'd'),
(975, 3, 'judge6', 7, 10.00, 'e'),
(976, 3, 'judge6', 8, 10.00, 'a'),
(977, 3, 'judge6', 8, 10.00, 'b'),
(978, 3, 'judge6', 8, 9.00, 'c'),
(979, 3, 'judge6', 8, 9.00, 'd'),
(980, 3, 'judge6', 8, 10.00, 'e'),
(981, 3, 'judge6', 9, 8.00, 'a'),
(982, 3, 'judge6', 9, 8.00, 'b'),
(983, 3, 'judge6', 9, 8.00, 'c'),
(984, 3, 'judge6', 9, 8.00, 'd'),
(985, 3, 'judge6', 9, 8.00, 'e'),
(986, 3, 'judge6', 10, 10.00, 'a'),
(987, 3, 'judge6', 10, 8.00, 'b'),
(988, 3, 'judge6', 10, 8.00, 'c'),
(989, 3, 'judge6', 10, 8.00, 'd'),
(990, 3, 'judge6', 10, 8.00, 'e'),
(991, 3, 'judge6', 11, 10.00, 'a'),
(992, 3, 'judge6', 11, 8.00, 'b'),
(993, 3, 'judge6', 11, 8.00, 'c'),
(994, 3, 'judge6', 11, 8.00, 'd'),
(995, 3, 'judge6', 11, 9.00, 'e'),
(996, 3, 'judge6', 12, 8.00, 'a'),
(997, 3, 'judge6', 12, 8.00, 'b'),
(998, 3, 'judge6', 12, 8.00, 'c'),
(999, 3, 'judge6', 12, 8.00, 'd'),
(1000, 3, 'judge6', 12, 9.00, 'e'),
(1001, 3, 'judge6', 13, 8.00, 'a'),
(1002, 3, 'judge6', 13, 8.00, 'b'),
(1003, 3, 'judge6', 13, 8.00, 'c'),
(1004, 3, 'judge6', 13, 7.00, 'd'),
(1005, 3, 'judge6', 13, 9.00, 'e'),
(1006, 3, 'judge6', 14, 9.00, 'a'),
(1007, 3, 'judge6', 14, 8.00, 'b'),
(1008, 3, 'judge6', 14, 8.00, 'c'),
(1009, 3, 'judge6', 14, 7.00, 'd'),
(1010, 3, 'judge6', 14, 9.00, 'e'),
(1011, 3, 'judge6', 15, 9.00, 'a'),
(1012, 3, 'judge6', 15, 10.00, 'b'),
(1013, 3, 'judge6', 15, 10.00, 'c'),
(1014, 3, 'judge6', 15, 9.00, 'd'),
(1015, 3, 'judge6', 15, 10.00, 'e'),
(1016, 3, 'judge6', 16, 9.00, 'a'),
(1017, 3, 'judge6', 16, 10.00, 'b'),
(1018, 3, 'judge6', 16, 10.00, 'c'),
(1019, 3, 'judge6', 16, 9.00, 'd'),
(1020, 3, 'judge6', 16, 10.00, 'e'),
(1021, 3, 'judge6', 17, 9.00, 'a'),
(1022, 3, 'judge6', 17, 8.00, 'b'),
(1023, 3, 'judge6', 17, 8.00, 'c'),
(1024, 3, 'judge6', 17, 8.00, 'd'),
(1025, 3, 'judge6', 17, 8.00, 'e'),
(1026, 3, 'judge6', 18, 10.00, 'a'),
(1027, 3, 'judge6', 18, 8.00, 'b'),
(1028, 3, 'judge6', 18, 8.00, 'c'),
(1029, 3, 'judge6', 18, 8.00, 'd'),
(1030, 3, 'judge6', 18, 8.00, 'e'),
(1031, 3, 'judge6', 19, 10.00, 'a'),
(1032, 3, 'judge6', 19, 9.00, 'b'),
(1033, 3, 'judge6', 19, 9.00, 'c'),
(1034, 3, 'judge6', 19, 9.00, 'd'),
(1035, 3, 'judge6', 19, 8.00, 'e'),
(1036, 3, 'judge6', 20, 8.00, 'a'),
(1037, 3, 'judge6', 20, 9.00, 'b'),
(1038, 3, 'judge6', 20, 9.00, 'c'),
(1039, 3, 'judge6', 20, 9.00, 'd'),
(1040, 3, 'judge6', 20, 8.00, 'e'),
(1041, 3, 'judge4', 1, 9.00, 'a'),
(1042, 3, 'judge4', 1, 8.50, 'b'),
(1043, 3, 'judge4', 1, 8.50, 'c'),
(1044, 3, 'judge4', 1, 8.50, 'd'),
(1045, 3, 'judge4', 1, 8.50, 'e'),
(1046, 3, 'judge4', 2, 9.00, 'a'),
(1047, 3, 'judge4', 2, 8.50, 'b'),
(1048, 3, 'judge4', 2, 8.50, 'c'),
(1049, 3, 'judge4', 2, 8.50, 'd'),
(1050, 3, 'judge4', 2, 8.50, 'e'),
(1051, 3, 'judge4', 3, 7.00, 'a'),
(1052, 3, 'judge4', 3, 8.50, 'b'),
(1053, 3, 'judge4', 3, 8.00, 'c'),
(1054, 3, 'judge4', 3, 8.00, 'd'),
(1055, 3, 'judge4', 3, 7.00, 'e'),
(1056, 3, 'judge4', 4, 7.00, 'a'),
(1057, 3, 'judge4', 4, 8.50, 'b'),
(1058, 3, 'judge4', 4, 8.00, 'c'),
(1059, 3, 'judge4', 4, 8.00, 'd'),
(1060, 3, 'judge4', 4, 7.00, 'e'),
(1061, 3, 'judge4', 5, 8.00, 'a'),
(1062, 3, 'judge4', 5, 9.00, 'b'),
(1063, 3, 'judge4', 5, 9.00, 'c'),
(1064, 3, 'judge4', 5, 8.50, 'd'),
(1065, 3, 'judge4', 5, 8.50, 'e'),
(1066, 3, 'judge4', 6, 8.00, 'a'),
(1067, 3, 'judge4', 6, 8.00, 'b'),
(1068, 3, 'judge4', 6, 9.00, 'c'),
(1069, 3, 'judge4', 6, 8.50, 'd'),
(1070, 3, 'judge4', 6, 8.50, 'e'),
(1071, 3, 'judge4', 7, 9.50, 'a'),
(1072, 3, 'judge4', 7, 9.50, 'b'),
(1073, 3, 'judge4', 7, 9.50, 'c'),
(1074, 3, 'judge4', 7, 9.50, 'd'),
(1075, 3, 'judge4', 7, 9.50, 'e'),
(1076, 3, 'judge4', 8, 9.50, 'a'),
(1077, 3, 'judge4', 8, 9.50, 'b'),
(1078, 3, 'judge4', 8, 9.50, 'c'),
(1079, 3, 'judge4', 8, 9.50, 'd'),
(1080, 3, 'judge4', 8, 9.50, 'e'),
(1081, 3, 'judge4', 9, 8.50, 'a'),
(1082, 3, 'judge4', 9, 8.00, 'b'),
(1083, 3, 'judge4', 9, 8.00, 'c'),
(1084, 3, 'judge4', 9, 8.00, 'd'),
(1085, 3, 'judge4', 9, 8.00, 'e'),
(1086, 3, 'judge4', 10, 8.50, 'a'),
(1087, 3, 'judge4', 10, 8.00, 'b'),
(1088, 3, 'judge4', 10, 8.00, 'c'),
(1089, 3, 'judge4', 10, 8.00, 'd'),
(1090, 3, 'judge4', 10, 8.00, 'e'),
(1091, 3, 'judge4', 11, 8.00, 'a'),
(1092, 3, 'judge4', 11, 8.00, 'b'),
(1093, 3, 'judge4', 11, 7.00, 'c'),
(1094, 3, 'judge4', 11, 6.50, 'd'),
(1095, 3, 'judge4', 11, 8.00, 'e'),
(1096, 3, 'judge4', 12, 8.00, 'a'),
(1097, 3, 'judge4', 12, 7.00, 'b'),
(1098, 3, 'judge4', 12, 7.00, 'c'),
(1099, 3, 'judge4', 12, 6.50, 'd'),
(1100, 3, 'judge4', 12, 8.00, 'e'),
(1101, 3, 'judge4', 13, 8.50, 'a'),
(1102, 3, 'judge4', 13, 8.50, 'b'),
(1103, 3, 'judge4', 13, 8.00, 'c'),
(1104, 3, 'judge4', 13, 8.00, 'd'),
(1105, 3, 'judge4', 13, 8.50, 'e'),
(1106, 3, 'judge4', 14, 8.50, 'a'),
(1107, 3, 'judge4', 14, 8.50, 'b'),
(1108, 3, 'judge4', 14, 8.00, 'c'),
(1109, 3, 'judge4', 14, 8.00, 'd'),
(1110, 3, 'judge4', 14, 8.50, 'e'),
(1111, 3, 'judge4', 15, 10.00, 'a'),
(1112, 3, 'judge4', 15, 10.00, 'b'),
(1113, 3, 'judge4', 15, 10.00, 'c'),
(1114, 3, 'judge4', 15, 10.00, 'd'),
(1115, 3, 'judge4', 15, 10.00, 'e'),
(1116, 3, 'judge4', 16, 10.00, 'a'),
(1117, 3, 'judge4', 16, 10.00, 'b'),
(1118, 3, 'judge4', 16, 10.00, 'c'),
(1119, 3, 'judge4', 16, 10.00, 'd'),
(1120, 3, 'judge4', 16, 10.00, 'e'),
(1121, 3, 'judge4', 17, 9.00, 'a'),
(1122, 3, 'judge4', 17, 8.50, 'b'),
(1123, 3, 'judge4', 17, 8.50, 'c'),
(1124, 3, 'judge4', 17, 8.00, 'd'),
(1125, 3, 'judge4', 17, 8.50, 'e'),
(1126, 3, 'judge4', 18, 9.00, 'a'),
(1127, 3, 'judge4', 18, 8.50, 'b'),
(1128, 3, 'judge4', 18, 8.50, 'c'),
(1129, 3, 'judge4', 18, 8.00, 'd'),
(1130, 3, 'judge4', 18, 8.50, 'e'),
(1131, 3, 'judge4', 19, 9.00, 'a'),
(1132, 3, 'judge4', 19, 9.00, 'b'),
(1133, 3, 'judge4', 19, 9.00, 'c'),
(1134, 3, 'judge4', 19, 9.50, 'd'),
(1135, 3, 'judge4', 19, 9.00, 'e'),
(1136, 3, 'judge4', 20, 9.00, 'a'),
(1137, 3, 'judge4', 20, 9.00, 'b'),
(1138, 3, 'judge4', 20, 9.00, 'c'),
(1139, 3, 'judge4', 20, 9.50, 'd'),
(1140, 3, 'judge4', 20, 9.00, 'e'),
(1141, 3, 'judge1', 1, 9.50, 'a'),
(1142, 3, 'judge1', 1, 9.00, 'b'),
(1143, 3, 'judge1', 1, 8.00, 'c'),
(1144, 3, 'judge1', 1, 9.00, 'd'),
(1145, 3, 'judge1', 1, 10.00, 'e'),
(1146, 3, 'judge1', 2, 9.50, 'a'),
(1147, 3, 'judge1', 2, 9.00, 'b'),
(1148, 3, 'judge1', 2, 8.00, 'c'),
(1149, 3, 'judge1', 2, 9.00, 'd'),
(1150, 3, 'judge1', 2, 10.00, 'e'),
(1151, 3, 'judge1', 3, 9.00, 'a'),
(1152, 3, 'judge1', 3, 7.00, 'b'),
(1153, 3, 'judge1', 3, 8.00, 'c'),
(1154, 3, 'judge1', 3, 8.00, 'd'),
(1155, 3, 'judge1', 3, 8.00, 'e'),
(1156, 3, 'judge1', 4, 9.00, 'a'),
(1157, 3, 'judge1', 4, 7.00, 'b'),
(1158, 3, 'judge1', 4, 8.00, 'c'),
(1159, 3, 'judge1', 4, 8.00, 'd'),
(1160, 3, 'judge1', 4, 8.00, 'e'),
(1161, 3, 'judge1', 5, 8.00, 'a'),
(1162, 3, 'judge1', 5, 9.00, 'b'),
(1163, 3, 'judge1', 5, 9.50, 'c'),
(1164, 3, 'judge1', 5, 10.00, 'd'),
(1165, 3, 'judge1', 5, 9.00, 'e'),
(1166, 3, 'judge1', 6, 8.00, 'a'),
(1167, 3, 'judge1', 6, 9.00, 'b'),
(1168, 3, 'judge1', 6, 9.50, 'c'),
(1169, 3, 'judge1', 6, 10.00, 'd'),
(1170, 3, 'judge1', 6, 9.00, 'e'),
(1171, 3, 'judge1', 7, 10.00, 'a'),
(1172, 3, 'judge1', 7, 10.00, 'b'),
(1173, 3, 'judge1', 7, 8.00, 'c'),
(1174, 3, 'judge1', 7, 9.00, 'd'),
(1175, 3, 'judge1', 7, 9.00, 'e'),
(1176, 3, 'judge1', 8, 10.00, 'a'),
(1177, 3, 'judge1', 8, 10.00, 'b'),
(1178, 3, 'judge1', 8, 8.00, 'c'),
(1179, 3, 'judge1', 8, 9.00, 'd'),
(1180, 3, 'judge1', 8, 9.00, 'e'),
(1181, 3, 'judge1', 9, 7.00, 'a'),
(1182, 3, 'judge1', 9, 8.00, 'b'),
(1183, 3, 'judge1', 9, 9.00, 'c'),
(1184, 3, 'judge1', 9, 9.00, 'd'),
(1185, 3, 'judge1', 9, 7.00, 'e'),
(1186, 3, 'judge1', 10, 7.00, 'a'),
(1187, 3, 'judge1', 10, 8.00, 'b'),
(1188, 3, 'judge1', 10, 9.00, 'c'),
(1189, 3, 'judge1', 10, 9.00, 'd'),
(1190, 3, 'judge1', 10, 7.00, 'e'),
(1191, 3, 'judge1', 11, 8.00, 'a'),
(1192, 3, 'judge1', 11, 9.00, 'b'),
(1193, 3, 'judge1', 11, 8.00, 'c'),
(1194, 3, 'judge1', 11, 9.00, 'd'),
(1195, 3, 'judge1', 11, 8.00, 'e'),
(1196, 3, 'judge1', 12, 8.00, 'a'),
(1197, 3, 'judge1', 12, 9.00, 'b'),
(1198, 3, 'judge1', 12, 8.00, 'c'),
(1199, 3, 'judge1', 12, 9.00, 'd'),
(1200, 3, 'judge1', 12, 8.00, 'e'),
(1201, 3, 'judge1', 13, 8.00, 'a'),
(1202, 3, 'judge1', 13, 9.00, 'b'),
(1203, 3, 'judge1', 13, 8.50, 'c'),
(1204, 3, 'judge1', 13, 9.00, 'd'),
(1205, 3, 'judge1', 13, 9.50, 'e'),
(1206, 3, 'judge1', 14, 9.00, 'a'),
(1207, 3, 'judge1', 14, 9.00, 'b'),
(1208, 3, 'judge1', 14, 8.50, 'c'),
(1209, 3, 'judge1', 14, 9.00, 'd'),
(1210, 3, 'judge1', 14, 9.50, 'e'),
(1211, 3, 'judge1', 15, 9.00, 'a'),
(1212, 3, 'judge1', 15, 10.00, 'b'),
(1213, 3, 'judge1', 15, 8.00, 'c'),
(1214, 3, 'judge1', 15, 10.00, 'd'),
(1215, 3, 'judge1', 15, 10.00, 'e'),
(1216, 3, 'judge1', 16, 9.00, 'a'),
(1217, 3, 'judge1', 16, 10.00, 'b'),
(1218, 3, 'judge1', 16, 8.00, 'c'),
(1219, 3, 'judge1', 16, 10.00, 'd'),
(1220, 3, 'judge1', 16, 10.00, 'e'),
(1221, 3, 'judge1', 17, 8.00, 'a'),
(1222, 3, 'judge1', 17, 9.00, 'b'),
(1223, 3, 'judge1', 17, 9.00, 'c'),
(1224, 3, 'judge1', 17, 8.50, 'd'),
(1225, 3, 'judge1', 17, 8.00, 'e'),
(1226, 3, 'judge1', 18, 10.00, 'a'),
(1227, 3, 'judge1', 18, 9.00, 'b'),
(1228, 3, 'judge1', 18, 9.00, 'c'),
(1229, 3, 'judge1', 18, 8.50, 'd'),
(1230, 3, 'judge1', 18, 9.00, 'e'),
(1231, 3, 'judge1', 19, 10.00, 'a'),
(1232, 3, 'judge1', 19, 9.00, 'b'),
(1233, 3, 'judge1', 19, 9.00, 'c'),
(1234, 3, 'judge1', 19, 9.00, 'd'),
(1235, 3, 'judge1', 19, 9.00, 'e'),
(1236, 3, 'judge1', 20, 8.50, 'a'),
(1237, 3, 'judge1', 20, 9.00, 'b'),
(1238, 3, 'judge1', 20, 9.00, 'c'),
(1239, 3, 'judge1', 20, 9.00, 'd'),
(1240, 3, 'judge1', 20, 8.00, 'e'),
(1241, 3, 'judge2', 1, 9.50, 'a'),
(1242, 3, 'judge2', 1, 9.00, 'b'),
(1243, 3, 'judge2', 1, 9.00, 'c'),
(1244, 3, 'judge2', 1, 9.00, 'd'),
(1245, 3, 'judge2', 1, 10.00, 'e'),
(1246, 3, 'judge2', 2, 9.50, 'a'),
(1247, 3, 'judge2', 2, 9.00, 'b'),
(1248, 3, 'judge2', 2, 9.00, 'c'),
(1249, 3, 'judge2', 2, 9.00, 'd'),
(1250, 3, 'judge2', 2, 10.00, 'e'),
(1251, 3, 'judge2', 3, 8.00, 'a'),
(1252, 3, 'judge2', 3, 8.00, 'b'),
(1253, 3, 'judge2', 3, 8.00, 'c'),
(1254, 3, 'judge2', 3, 8.00, 'd'),
(1255, 3, 'judge2', 3, 7.50, 'e'),
(1256, 3, 'judge2', 4, 8.00, 'a'),
(1257, 3, 'judge2', 4, 8.00, 'b'),
(1258, 3, 'judge2', 4, 8.00, 'c'),
(1259, 3, 'judge2', 4, 8.00, 'd'),
(1260, 3, 'judge2', 4, 7.50, 'e'),
(1261, 3, 'judge2', 5, 8.00, 'a'),
(1262, 3, 'judge2', 5, 7.85, 'b'),
(1263, 3, 'judge2', 5, 8.50, 'c'),
(1264, 3, 'judge2', 5, 8.50, 'd'),
(1265, 3, 'judge2', 5, 8.00, 'e'),
(1266, 3, 'judge2', 6, 7.50, 'a'),
(1267, 3, 'judge2', 6, 7.85, 'b'),
(1268, 3, 'judge2', 6, 8.50, 'c'),
(1269, 3, 'judge2', 6, 8.50, 'd'),
(1270, 3, 'judge2', 6, 8.00, 'e'),
(1271, 3, 'judge2', 7, 7.59, 'a'),
(1272, 3, 'judge2', 7, 9.00, 'b'),
(1273, 3, 'judge2', 7, 8.59, 'c'),
(1274, 3, 'judge2', 7, 9.00, 'd'),
(1275, 3, 'judge2', 7, 8.90, 'e'),
(1276, 3, 'judge2', 8, 7.59, 'a'),
(1277, 3, 'judge2', 8, 9.00, 'b'),
(1278, 3, 'judge2', 8, 8.59, 'c'),
(1279, 3, 'judge2', 8, 9.00, 'd'),
(1280, 3, 'judge2', 8, 8.90, 'e'),
(1281, 3, 'judge2', 9, 8.80, 'a'),
(1282, 3, 'judge2', 9, 8.00, 'b'),
(1283, 3, 'judge2', 9, 8.00, 'c'),
(1284, 3, 'judge2', 9, 8.00, 'd'),
(1285, 3, 'judge2', 9, 7.59, 'e'),
(1286, 3, 'judge2', 10, 8.80, 'a'),
(1287, 3, 'judge2', 10, 8.00, 'b'),
(1288, 3, 'judge2', 10, 8.00, 'c'),
(1289, 3, 'judge2', 10, 8.00, 'd'),
(1290, 3, 'judge2', 10, 7.59, 'e'),
(1291, 3, 'judge2', 11, 8.00, 'a'),
(1292, 3, 'judge2', 11, 8.00, 'b'),
(1293, 3, 'judge2', 11, 8.00, 'c'),
(1294, 3, 'judge2', 11, 8.00, 'd'),
(1295, 3, 'judge2', 11, 7.80, 'e'),
(1296, 3, 'judge2', 12, 7.59, 'a'),
(1297, 3, 'judge2', 12, 8.00, 'b'),
(1298, 3, 'judge2', 12, 8.00, 'c'),
(1299, 3, 'judge2', 12, 8.00, 'd'),
(1300, 3, 'judge2', 12, 7.80, 'e'),
(1301, 3, 'judge2', 13, 8.50, 'a'),
(1302, 3, 'judge2', 13, 8.50, 'b'),
(1303, 3, 'judge2', 13, 8.00, 'c'),
(1304, 3, 'judge2', 13, 8.50, 'd'),
(1305, 3, 'judge2', 13, 8.70, 'e'),
(1306, 3, 'judge2', 14, 8.75, 'a'),
(1307, 3, 'judge2', 14, 8.50, 'b'),
(1308, 3, 'judge2', 14, 8.00, 'c'),
(1309, 3, 'judge2', 14, 8.50, 'd'),
(1310, 3, 'judge2', 14, 8.80, 'e'),
(1311, 3, 'judge2', 15, 9.00, 'a'),
(1312, 3, 'judge2', 15, 8.90, 'b'),
(1313, 3, 'judge2', 15, 9.00, 'c'),
(1314, 3, 'judge2', 15, 9.00, 'd'),
(1315, 3, 'judge2', 15, 9.00, 'e'),
(1316, 3, 'judge2', 16, 9.00, 'a'),
(1317, 3, 'judge2', 16, 8.90, 'b'),
(1318, 3, 'judge2', 16, 9.00, 'c'),
(1319, 3, 'judge2', 16, 9.00, 'd'),
(1320, 3, 'judge2', 16, 9.00, 'e'),
(1321, 3, 'judge2', 17, 8.90, 'a'),
(1322, 3, 'judge2', 17, 8.00, 'b'),
(1323, 3, 'judge2', 17, 8.90, 'c'),
(1324, 3, 'judge2', 17, 9.00, 'd'),
(1325, 3, 'judge2', 17, 8.50, 'e'),
(1326, 3, 'judge2', 18, 8.90, 'a'),
(1327, 3, 'judge2', 18, 8.00, 'b'),
(1328, 3, 'judge2', 18, 8.90, 'c'),
(1329, 3, 'judge2', 18, 9.00, 'd'),
(1330, 3, 'judge2', 18, 8.50, 'e'),
(1331, 3, 'judge2', 19, 9.00, 'a'),
(1332, 3, 'judge2', 19, 8.00, 'b'),
(1333, 3, 'judge2', 19, 8.00, 'c'),
(1334, 3, 'judge2', 19, 9.00, 'd'),
(1335, 3, 'judge2', 19, 8.50, 'e'),
(1336, 3, 'judge2', 20, 8.00, 'a'),
(1337, 3, 'judge2', 20, 8.00, 'b'),
(1338, 3, 'judge2', 20, 8.00, 'c'),
(1339, 3, 'judge2', 20, 8.00, 'd'),
(1340, 3, 'judge2', 20, 8.50, 'e'),
(1341, 3, 'judge3', 1, 10.00, 'a'),
(1342, 3, 'judge3', 1, 9.50, 'b'),
(1343, 3, 'judge3', 1, 9.30, 'c'),
(1344, 3, 'judge3', 1, 9.30, 'd'),
(1345, 3, 'judge3', 1, 9.50, 'e'),
(1346, 3, 'judge3', 2, 10.00, 'a'),
(1347, 3, 'judge3', 2, 9.50, 'b'),
(1348, 3, 'judge3', 2, 9.30, 'c'),
(1349, 3, 'judge3', 2, 9.30, 'd'),
(1350, 3, 'judge3', 2, 9.50, 'e'),
(1351, 3, 'judge3', 3, 10.00, 'a'),
(1352, 3, 'judge3', 3, 9.60, 'b'),
(1353, 3, 'judge3', 3, 9.20, 'c'),
(1354, 3, 'judge3', 3, 9.30, 'd'),
(1355, 3, 'judge3', 3, 9.50, 'e'),
(1356, 3, 'judge3', 4, 10.00, 'a'),
(1357, 3, 'judge3', 4, 9.60, 'b'),
(1358, 3, 'judge3', 4, 9.20, 'c'),
(1359, 3, 'judge3', 4, 9.30, 'd'),
(1360, 3, 'judge3', 4, 9.50, 'e'),
(1361, 3, 'judge3', 5, 10.00, 'a'),
(1362, 3, 'judge3', 5, 9.70, 'b'),
(1363, 3, 'judge3', 5, 9.60, 'c'),
(1364, 3, 'judge3', 5, 9.50, 'd'),
(1365, 3, 'judge3', 5, 9.60, 'e'),
(1366, 3, 'judge3', 6, 9.50, 'a'),
(1367, 3, 'judge3', 6, 9.00, 'b'),
(1368, 3, 'judge3', 6, 9.00, 'c'),
(1369, 3, 'judge3', 6, 9.00, 'd'),
(1370, 3, 'judge3', 6, 9.20, 'e'),
(1371, 3, 'judge3', 7, 10.00, 'a'),
(1372, 3, 'judge3', 7, 9.70, 'b'),
(1373, 3, 'judge3', 7, 9.50, 'c'),
(1374, 3, 'judge3', 7, 9.60, 'd'),
(1375, 3, 'judge3', 7, 9.50, 'e'),
(1376, 3, 'judge3', 8, 10.00, 'a'),
(1377, 3, 'judge3', 8, 9.70, 'b'),
(1378, 3, 'judge3', 8, 9.50, 'c'),
(1379, 3, 'judge3', 8, 9.60, 'd'),
(1380, 3, 'judge3', 8, 9.50, 'e'),
(1381, 3, 'judge3', 9, 7.50, 'a'),
(1382, 3, 'judge3', 9, 8.00, 'b'),
(1383, 3, 'judge3', 9, 8.00, 'c'),
(1384, 3, 'judge3', 9, 8.00, 'd'),
(1385, 3, 'judge3', 9, 8.00, 'e'),
(1386, 3, 'judge3', 10, 8.00, 'a'),
(1387, 3, 'judge3', 10, 8.00, 'b'),
(1388, 3, 'judge3', 10, 8.00, 'c'),
(1389, 3, 'judge3', 10, 8.00, 'd'),
(1390, 3, 'judge3', 10, 8.00, 'e'),
(1391, 3, 'judge3', 11, 9.20, 'a'),
(1392, 3, 'judge3', 11, 9.00, 'b'),
(1393, 3, 'judge3', 11, 8.00, 'c'),
(1394, 3, 'judge3', 11, 8.00, 'd'),
(1395, 3, 'judge3', 11, 9.00, 'e'),
(1396, 3, 'judge3', 12, 8.50, 'a'),
(1397, 3, 'judge3', 12, 8.90, 'b'),
(1398, 3, 'judge3', 12, 8.00, 'c'),
(1399, 3, 'judge3', 12, 8.00, 'd'),
(1400, 3, 'judge3', 12, 8.90, 'e'),
(1401, 3, 'judge3', 13, 8.50, 'a'),
(1402, 3, 'judge3', 13, 9.00, 'b'),
(1403, 3, 'judge3', 13, 9.00, 'c'),
(1404, 3, 'judge3', 13, 9.00, 'd'),
(1405, 3, 'judge3', 13, 9.00, 'e'),
(1406, 3, 'judge3', 14, 9.50, 'a'),
(1407, 3, 'judge3', 14, 9.50, 'b'),
(1408, 3, 'judge3', 14, 9.40, 'c'),
(1409, 3, 'judge3', 14, 9.00, 'd'),
(1410, 3, 'judge3', 14, 9.30, 'e'),
(1411, 3, 'judge3', 15, 10.00, 'a'),
(1412, 3, 'judge3', 15, 9.60, 'b'),
(1413, 3, 'judge3', 15, 9.60, 'c'),
(1414, 3, 'judge3', 15, 9.50, 'd'),
(1415, 3, 'judge3', 15, 9.50, 'e'),
(1416, 3, 'judge3', 16, 10.00, 'a'),
(1417, 3, 'judge3', 16, 9.70, 'b'),
(1418, 3, 'judge3', 16, 9.60, 'c'),
(1419, 3, 'judge3', 16, 9.60, 'd'),
(1420, 3, 'judge3', 16, 9.60, 'e'),
(1421, 3, 'judge3', 17, 8.50, 'a'),
(1422, 3, 'judge3', 17, 8.00, 'b'),
(1423, 3, 'judge3', 17, 7.50, 'c'),
(1424, 3, 'judge3', 17, 7.00, 'd'),
(1425, 3, 'judge3', 17, 8.00, 'e'),
(1426, 3, 'judge3', 18, 9.00, 'a'),
(1427, 3, 'judge3', 18, 8.50, 'b'),
(1428, 3, 'judge3', 18, 8.00, 'c'),
(1429, 3, 'judge3', 18, 7.50, 'd'),
(1430, 3, 'judge3', 18, 8.00, 'e'),
(1431, 3, 'judge3', 19, 9.80, 'a'),
(1432, 3, 'judge3', 19, 9.50, 'b'),
(1433, 3, 'judge3', 19, 9.30, 'c'),
(1434, 3, 'judge3', 19, 9.30, 'd'),
(1435, 3, 'judge3', 19, 9.30, 'e'),
(1436, 3, 'judge3', 20, 9.20, 'a'),
(1437, 3, 'judge3', 20, 9.50, 'b'),
(1438, 3, 'judge3', 20, 9.20, 'c'),
(1439, 3, 'judge3', 20, 9.30, 'd'),
(1440, 3, 'judge3', 20, 9.30, 'e'),
(1441, 4, 'judge6', 1, 8.00, 'a'),
(1442, 4, 'judge6', 1, 8.00, 'b'),
(1443, 4, 'judge6', 1, 10.00, 'c'),
(1444, 4, 'judge6', 1, 8.00, 'd'),
(1445, 4, 'judge6', 2, 8.00, 'a'),
(1446, 4, 'judge6', 2, 8.00, 'b'),
(1447, 4, 'judge6', 2, 10.00, 'c'),
(1448, 4, 'judge6', 2, 8.00, 'd'),
(1449, 4, 'judge6', 3, 10.00, 'a'),
(1450, 4, 'judge6', 3, 10.00, 'b'),
(1451, 4, 'judge6', 3, 10.00, 'c'),
(1452, 4, 'judge6', 3, 10.00, 'd'),
(1453, 4, 'judge6', 4, 10.00, 'a'),
(1454, 4, 'judge6', 4, 10.00, 'b'),
(1455, 4, 'judge6', 4, 10.00, 'c'),
(1456, 4, 'judge6', 4, 10.00, 'd'),
(1457, 4, 'judge6', 5, 8.00, 'a'),
(1458, 4, 'judge6', 5, 8.00, 'b'),
(1459, 4, 'judge6', 5, 10.00, 'c'),
(1460, 4, 'judge6', 5, 7.00, 'd'),
(1461, 4, 'judge6', 6, 8.00, 'a'),
(1462, 4, 'judge6', 6, 8.00, 'b'),
(1463, 4, 'judge6', 6, 10.00, 'c'),
(1464, 4, 'judge6', 6, 7.00, 'd'),
(1465, 4, 'judge6', 7, 10.00, 'a'),
(1466, 4, 'judge6', 7, 10.00, 'b'),
(1467, 4, 'judge6', 7, 9.00, 'c'),
(1468, 4, 'judge6', 7, 9.00, 'd'),
(1469, 4, 'judge6', 8, 10.00, 'a'),
(1470, 4, 'judge6', 8, 10.00, 'b'),
(1471, 4, 'judge6', 8, 9.00, 'c'),
(1472, 4, 'judge6', 8, 10.00, 'd'),
(1473, 4, 'judge6', 9, 10.00, 'a'),
(1474, 4, 'judge6', 9, 10.00, 'b'),
(1475, 4, 'judge6', 9, 10.00, 'c'),
(1476, 4, 'judge6', 9, 10.00, 'd'),
(1477, 4, 'judge6', 10, 10.00, 'a'),
(1478, 4, 'judge6', 10, 10.00, 'b'),
(1479, 4, 'judge6', 10, 10.00, 'c'),
(1480, 4, 'judge6', 10, 10.00, 'd'),
(1481, 4, 'judge6', 11, 10.00, 'a'),
(1482, 4, 'judge6', 11, 10.00, 'b'),
(1483, 4, 'judge6', 11, 10.00, 'c'),
(1484, 4, 'judge6', 11, 7.00, 'd'),
(1485, 4, 'judge6', 12, 10.00, 'a'),
(1486, 4, 'judge6', 12, 9.00, 'b'),
(1487, 4, 'judge6', 12, 10.00, 'c'),
(1488, 4, 'judge6', 12, 7.00, 'd'),
(1489, 4, 'judge6', 13, 10.00, 'a'),
(1490, 4, 'judge6', 13, 9.00, 'b'),
(1491, 4, 'judge6', 13, 10.00, 'c'),
(1492, 4, 'judge6', 13, 8.00, 'd'),
(1493, 4, 'judge6', 14, 10.00, 'a'),
(1494, 4, 'judge6', 14, 10.00, 'b'),
(1495, 4, 'judge6', 14, 10.00, 'c'),
(1496, 4, 'judge6', 14, 9.00, 'd'),
(1497, 4, 'judge6', 15, 9.00, 'a'),
(1498, 4, 'judge6', 15, 10.00, 'b'),
(1499, 4, 'judge6', 15, 10.00, 'c'),
(1500, 4, 'judge6', 15, 10.00, 'd'),
(1501, 4, 'judge6', 16, 10.00, 'a'),
(1502, 4, 'judge6', 16, 8.00, 'b'),
(1503, 4, 'judge6', 16, 10.00, 'c'),
(1504, 4, 'judge6', 16, 8.00, 'd'),
(1505, 4, 'judge6', 17, 10.00, 'a'),
(1506, 4, 'judge6', 17, 9.00, 'b'),
(1507, 4, 'judge6', 17, 10.00, 'c'),
(1508, 4, 'judge6', 17, 8.00, 'd'),
(1509, 4, 'judge6', 18, 10.00, 'a'),
(1510, 4, 'judge6', 18, 10.00, 'b'),
(1511, 4, 'judge6', 18, 10.00, 'c'),
(1512, 4, 'judge6', 18, 8.00, 'd');
INSERT INTO `rates` (`ID`, `categid`, `judgeid`, `contestantno`, `rate`, `crit`) VALUES
(1513, 4, 'judge6', 19, 9.00, 'a'),
(1514, 4, 'judge6', 19, 10.00, 'b'),
(1515, 4, 'judge6', 19, 10.00, 'c'),
(1516, 4, 'judge6', 19, 10.00, 'd'),
(1517, 4, 'judge6', 20, 10.00, 'a'),
(1518, 4, 'judge6', 20, 9.00, 'b'),
(1519, 4, 'judge6', 20, 10.00, 'c'),
(1520, 4, 'judge6', 20, 8.00, 'd'),
(1521, 4, 'judge1', 1, 10.00, 'a'),
(1522, 4, 'judge1', 1, 9.00, 'b'),
(1523, 4, 'judge1', 1, 10.00, 'c'),
(1524, 4, 'judge1', 1, 9.00, 'd'),
(1525, 4, 'judge1', 2, 10.00, 'a'),
(1526, 4, 'judge1', 2, 9.00, 'b'),
(1527, 4, 'judge1', 2, 10.00, 'c'),
(1528, 4, 'judge1', 2, 9.00, 'd'),
(1529, 4, 'judge1', 3, 8.00, 'a'),
(1530, 4, 'judge1', 3, 9.00, 'b'),
(1531, 4, 'judge1', 3, 10.00, 'c'),
(1532, 4, 'judge1', 3, 9.00, 'd'),
(1533, 4, 'judge1', 4, 7.00, 'a'),
(1534, 4, 'judge1', 4, 9.00, 'b'),
(1535, 4, 'judge1', 4, 10.00, 'c'),
(1536, 4, 'judge1', 4, 9.00, 'd'),
(1537, 4, 'judge1', 5, 9.50, 'a'),
(1538, 4, 'judge1', 5, 9.00, 'b'),
(1539, 4, 'judge1', 5, 10.00, 'c'),
(1540, 4, 'judge1', 5, 9.00, 'd'),
(1541, 4, 'judge1', 6, 8.00, 'a'),
(1542, 4, 'judge1', 6, 9.00, 'b'),
(1543, 4, 'judge1', 6, 9.00, 'c'),
(1544, 4, 'judge1', 6, 9.00, 'd'),
(1545, 4, 'judge1', 7, 9.00, 'a'),
(1546, 4, 'judge1', 7, 9.00, 'b'),
(1547, 4, 'judge1', 7, 10.00, 'c'),
(1548, 4, 'judge1', 7, 9.00, 'd'),
(1549, 4, 'judge1', 8, 9.00, 'a'),
(1550, 4, 'judge1', 8, 10.00, 'b'),
(1551, 4, 'judge1', 8, 10.00, 'c'),
(1552, 4, 'judge1', 8, 10.00, 'd'),
(1553, 4, 'judge1', 9, 9.00, 'a'),
(1554, 4, 'judge1', 9, 8.00, 'b'),
(1555, 4, 'judge1', 9, 10.00, 'c'),
(1556, 4, 'judge1', 9, 9.00, 'd'),
(1557, 4, 'judge1', 10, 7.50, 'a'),
(1558, 4, 'judge1', 10, 9.00, 'b'),
(1559, 4, 'judge1', 10, 10.00, 'c'),
(1560, 4, 'judge1', 10, 9.00, 'd'),
(1561, 4, 'judge1', 11, 10.00, 'a'),
(1562, 4, 'judge1', 11, 8.50, 'b'),
(1563, 4, 'judge1', 11, 10.00, 'c'),
(1564, 4, 'judge1', 11, 9.00, 'd'),
(1565, 4, 'judge1', 12, 10.00, 'a'),
(1566, 4, 'judge1', 12, 9.00, 'b'),
(1567, 4, 'judge1', 12, 10.00, 'c'),
(1568, 4, 'judge1', 12, 9.00, 'd'),
(1569, 4, 'judge1', 13, 10.00, 'a'),
(1570, 4, 'judge1', 13, 9.00, 'b'),
(1571, 4, 'judge1', 13, 10.00, 'c'),
(1572, 4, 'judge1', 13, 9.00, 'd'),
(1573, 4, 'judge1', 14, 10.00, 'a'),
(1574, 4, 'judge1', 14, 9.00, 'b'),
(1575, 4, 'judge1', 14, 9.00, 'c'),
(1576, 4, 'judge1', 14, 9.00, 'd'),
(1577, 4, 'judge1', 15, 9.00, 'a'),
(1578, 4, 'judge1', 15, 10.00, 'b'),
(1579, 4, 'judge1', 15, 10.00, 'c'),
(1580, 4, 'judge1', 15, 10.00, 'd'),
(1581, 4, 'judge1', 16, 10.00, 'a'),
(1582, 4, 'judge1', 16, 8.00, 'b'),
(1583, 4, 'judge1', 16, 10.00, 'c'),
(1584, 4, 'judge1', 16, 9.00, 'd'),
(1585, 4, 'judge1', 17, 8.00, 'a'),
(1586, 4, 'judge1', 17, 9.00, 'b'),
(1587, 4, 'judge1', 17, 10.00, 'c'),
(1588, 4, 'judge1', 17, 9.00, 'd'),
(1589, 4, 'judge1', 18, 9.00, 'a'),
(1590, 4, 'judge1', 18, 9.00, 'b'),
(1591, 4, 'judge1', 18, 8.00, 'c'),
(1592, 4, 'judge1', 18, 9.00, 'd'),
(1593, 4, 'judge1', 19, 9.00, 'a'),
(1594, 4, 'judge1', 19, 9.00, 'b'),
(1595, 4, 'judge1', 19, 10.00, 'c'),
(1596, 4, 'judge1', 19, 8.50, 'd'),
(1597, 4, 'judge1', 20, 9.00, 'a'),
(1598, 4, 'judge1', 20, 8.50, 'b'),
(1599, 4, 'judge1', 20, 8.00, 'c'),
(1600, 4, 'judge1', 20, 8.00, 'd'),
(1601, 4, 'judge5', 1, 9.50, 'a'),
(1602, 4, 'judge5', 1, 9.00, 'b'),
(1603, 4, 'judge5', 1, 10.00, 'c'),
(1604, 4, 'judge5', 1, 9.75, 'd'),
(1605, 4, 'judge5', 2, 9.50, 'a'),
(1606, 4, 'judge5', 2, 9.00, 'b'),
(1607, 4, 'judge5', 2, 10.00, 'c'),
(1608, 4, 'judge5', 2, 9.50, 'd'),
(1609, 4, 'judge5', 3, 9.00, 'a'),
(1610, 4, 'judge5', 3, 9.00, 'b'),
(1611, 4, 'judge5', 3, 10.00, 'c'),
(1612, 4, 'judge5', 3, 9.50, 'd'),
(1613, 4, 'judge5', 4, 8.75, 'a'),
(1614, 4, 'judge5', 4, 9.00, 'b'),
(1615, 4, 'judge5', 4, 10.00, 'c'),
(1616, 4, 'judge5', 4, 9.00, 'd'),
(1617, 4, 'judge5', 5, 9.00, 'a'),
(1618, 4, 'judge5', 5, 9.00, 'b'),
(1619, 4, 'judge5', 5, 10.00, 'c'),
(1620, 4, 'judge5', 5, 9.50, 'd'),
(1621, 4, 'judge5', 6, 9.00, 'a'),
(1622, 4, 'judge5', 6, 8.75, 'b'),
(1623, 4, 'judge5', 6, 10.00, 'c'),
(1624, 4, 'judge5', 6, 9.50, 'd'),
(1625, 4, 'judge5', 7, 9.50, 'a'),
(1626, 4, 'judge5', 7, 9.50, 'b'),
(1627, 4, 'judge5', 7, 10.00, 'c'),
(1628, 4, 'judge5', 7, 9.50, 'd'),
(1629, 4, 'judge5', 8, 9.50, 'a'),
(1630, 4, 'judge5', 8, 9.75, 'b'),
(1631, 4, 'judge5', 8, 10.00, 'c'),
(1632, 4, 'judge5', 8, 9.50, 'd'),
(1633, 4, 'judge5', 9, 9.00, 'a'),
(1634, 4, 'judge5', 9, 8.75, 'b'),
(1635, 4, 'judge5', 9, 10.00, 'c'),
(1636, 4, 'judge5', 9, 9.00, 'd'),
(1637, 4, 'judge5', 10, 9.00, 'a'),
(1638, 4, 'judge5', 10, 9.00, 'b'),
(1639, 4, 'judge5', 10, 10.00, 'c'),
(1640, 4, 'judge5', 10, 9.00, 'd'),
(1641, 4, 'judge5', 11, 9.00, 'a'),
(1642, 4, 'judge5', 11, 8.75, 'b'),
(1643, 4, 'judge5', 11, 10.00, 'c'),
(1644, 4, 'judge5', 11, 9.00, 'd'),
(1645, 4, 'judge5', 12, 8.75, 'a'),
(1646, 4, 'judge5', 12, 8.75, 'b'),
(1647, 4, 'judge5', 12, 10.00, 'c'),
(1648, 4, 'judge5', 12, 9.00, 'd'),
(1649, 4, 'judge5', 13, 9.50, 'a'),
(1650, 4, 'judge5', 13, 9.00, 'b'),
(1651, 4, 'judge5', 13, 10.00, 'c'),
(1652, 4, 'judge5', 13, 9.00, 'd'),
(1653, 4, 'judge5', 14, 9.50, 'a'),
(1654, 4, 'judge5', 14, 9.75, 'b'),
(1655, 4, 'judge5', 14, 10.00, 'c'),
(1656, 4, 'judge5', 14, 9.50, 'd'),
(1657, 4, 'judge5', 15, 9.00, 'a'),
(1658, 4, 'judge5', 15, 9.50, 'b'),
(1659, 4, 'judge5', 15, 10.00, 'c'),
(1660, 4, 'judge5', 15, 9.50, 'd'),
(1661, 4, 'judge5', 16, 9.50, 'a'),
(1662, 4, 'judge5', 16, 9.50, 'b'),
(1663, 4, 'judge5', 16, 10.00, 'c'),
(1664, 4, 'judge5', 16, 9.00, 'd'),
(1665, 4, 'judge5', 17, 8.50, 'a'),
(1666, 4, 'judge5', 17, 8.00, 'b'),
(1667, 4, 'judge5', 17, 10.00, 'c'),
(1668, 4, 'judge5', 17, 8.50, 'd'),
(1669, 4, 'judge5', 18, 8.50, 'a'),
(1670, 4, 'judge5', 18, 8.00, 'b'),
(1671, 4, 'judge5', 18, 10.00, 'c'),
(1672, 4, 'judge5', 18, 8.50, 'd'),
(1673, 4, 'judge5', 19, 8.75, 'a'),
(1674, 4, 'judge5', 19, 8.50, 'b'),
(1675, 4, 'judge5', 19, 10.00, 'c'),
(1676, 4, 'judge5', 19, 8.75, 'd'),
(1677, 4, 'judge5', 20, 8.75, 'a'),
(1678, 4, 'judge5', 20, 8.50, 'b'),
(1679, 4, 'judge5', 20, 10.00, 'c'),
(1680, 4, 'judge5', 20, 8.75, 'd'),
(1681, 4, 'judge2', 1, 9.00, 'a'),
(1682, 4, 'judge2', 1, 9.00, 'b'),
(1683, 4, 'judge2', 1, 9.00, 'c'),
(1684, 4, 'judge2', 1, 9.00, 'd'),
(1685, 4, 'judge2', 2, 9.00, 'a'),
(1686, 4, 'judge2', 2, 9.00, 'b'),
(1687, 4, 'judge2', 2, 9.00, 'c'),
(1688, 4, 'judge2', 2, 9.00, 'd'),
(1689, 4, 'judge2', 3, 9.00, 'a'),
(1690, 4, 'judge2', 3, 9.00, 'b'),
(1691, 4, 'judge2', 3, 8.90, 'c'),
(1692, 4, 'judge2', 3, 8.90, 'd'),
(1693, 4, 'judge2', 4, 8.00, 'a'),
(1694, 4, 'judge2', 4, 8.50, 'b'),
(1695, 4, 'judge2', 4, 8.90, 'c'),
(1696, 4, 'judge2', 4, 8.90, 'd'),
(1697, 4, 'judge2', 5, 8.90, 'a'),
(1698, 4, 'judge2', 5, 9.00, 'b'),
(1699, 4, 'judge2', 5, 9.00, 'c'),
(1700, 4, 'judge2', 5, 9.00, 'd'),
(1701, 4, 'judge2', 6, 8.90, 'a'),
(1702, 4, 'judge2', 6, 9.00, 'b'),
(1703, 4, 'judge2', 6, 9.00, 'c'),
(1704, 4, 'judge2', 6, 9.00, 'd'),
(1705, 4, 'judge2', 7, 8.90, 'a'),
(1706, 4, 'judge2', 7, 8.00, 'b'),
(1707, 4, 'judge2', 7, 9.00, 'c'),
(1708, 4, 'judge2', 7, 8.90, 'd'),
(1709, 4, 'judge2', 8, 8.00, 'a'),
(1710, 4, 'judge2', 8, 8.00, 'b'),
(1711, 4, 'judge2', 8, 9.00, 'c'),
(1712, 4, 'judge2', 8, 8.90, 'd'),
(1713, 4, 'judge2', 9, 9.00, 'a'),
(1714, 4, 'judge2', 9, 9.00, 'b'),
(1715, 4, 'judge2', 9, 9.00, 'c'),
(1716, 4, 'judge2', 9, 9.00, 'd'),
(1717, 4, 'judge2', 10, 9.00, 'a'),
(1718, 4, 'judge2', 10, 8.90, 'b'),
(1719, 4, 'judge2', 10, 9.00, 'c'),
(1720, 4, 'judge2', 10, 8.90, 'd'),
(1721, 4, 'judge2', 11, 9.00, 'a'),
(1722, 4, 'judge2', 11, 9.00, 'b'),
(1723, 4, 'judge2', 11, 9.00, 'c'),
(1724, 4, 'judge2', 11, 9.00, 'd'),
(1725, 4, 'judge2', 12, 9.00, 'a'),
(1726, 4, 'judge2', 12, 9.50, 'b'),
(1727, 4, 'judge2', 12, 9.00, 'c'),
(1728, 4, 'judge2', 12, 9.00, 'd'),
(1729, 4, 'judge2', 13, 9.00, 'a'),
(1730, 4, 'judge2', 13, 9.50, 'b'),
(1731, 4, 'judge2', 13, 9.00, 'c'),
(1732, 4, 'judge2', 13, 9.00, 'd'),
(1733, 4, 'judge2', 14, 9.00, 'a'),
(1734, 4, 'judge2', 14, 9.00, 'b'),
(1735, 4, 'judge2', 14, 9.00, 'c'),
(1736, 4, 'judge2', 14, 9.00, 'd'),
(1737, 4, 'judge2', 15, 8.70, 'a'),
(1738, 4, 'judge2', 15, 9.00, 'b'),
(1739, 4, 'judge2', 15, 9.00, 'c'),
(1740, 4, 'judge2', 15, 8.90, 'd'),
(1741, 4, 'judge2', 16, 9.00, 'a'),
(1742, 4, 'judge2', 16, 9.00, 'b'),
(1743, 4, 'judge2', 16, 9.00, 'c'),
(1744, 4, 'judge2', 16, 9.00, 'd'),
(1745, 4, 'judge2', 17, 8.90, 'a'),
(1746, 4, 'judge2', 17, 8.80, 'b'),
(1747, 4, 'judge2', 17, 9.00, 'c'),
(1748, 4, 'judge2', 17, 8.80, 'd'),
(1749, 4, 'judge2', 18, 8.90, 'a'),
(1750, 4, 'judge2', 18, 8.90, 'b'),
(1751, 4, 'judge2', 18, 9.00, 'c'),
(1752, 4, 'judge2', 18, 8.90, 'd'),
(1753, 4, 'judge2', 19, 8.90, 'a'),
(1754, 4, 'judge2', 19, 8.90, 'b'),
(1755, 4, 'judge2', 19, 9.00, 'c'),
(1756, 4, 'judge2', 19, 8.90, 'd'),
(1757, 4, 'judge2', 20, 9.00, 'a'),
(1758, 4, 'judge2', 20, 8.50, 'b'),
(1759, 4, 'judge2', 20, 9.00, 'c'),
(1760, 4, 'judge2', 20, 8.90, 'd'),
(1761, 4, 'judge4', 1, 9.50, 'a'),
(1762, 4, 'judge4', 1, 9.00, 'b'),
(1763, 4, 'judge4', 1, 9.00, 'c'),
(1764, 4, 'judge4', 1, 8.50, 'd'),
(1765, 4, 'judge4', 2, 9.50, 'a'),
(1766, 4, 'judge4', 2, 9.00, 'b'),
(1767, 4, 'judge4', 2, 9.00, 'c'),
(1768, 4, 'judge4', 2, 8.50, 'd'),
(1769, 4, 'judge4', 3, 8.50, 'a'),
(1770, 4, 'judge4', 3, 8.00, 'b'),
(1771, 4, 'judge4', 3, 8.00, 'c'),
(1772, 4, 'judge4', 3, 8.00, 'd'),
(1773, 4, 'judge4', 4, 8.00, 'a'),
(1774, 4, 'judge4', 4, 7.50, 'b'),
(1775, 4, 'judge4', 4, 8.00, 'c'),
(1776, 4, 'judge4', 4, 8.00, 'd'),
(1777, 4, 'judge4', 5, 8.50, 'a'),
(1778, 4, 'judge4', 5, 9.00, 'b'),
(1779, 4, 'judge4', 5, 8.00, 'c'),
(1780, 4, 'judge4', 5, 8.00, 'd'),
(1781, 4, 'judge4', 6, 8.50, 'a'),
(1782, 4, 'judge4', 6, 8.50, 'b'),
(1783, 4, 'judge4', 6, 8.00, 'c'),
(1784, 4, 'judge4', 6, 8.00, 'd'),
(1785, 4, 'judge4', 7, 10.00, 'a'),
(1786, 4, 'judge4', 7, 10.00, 'b'),
(1787, 4, 'judge4', 7, 9.50, 'c'),
(1788, 4, 'judge4', 7, 9.50, 'd'),
(1789, 4, 'judge4', 8, 10.00, 'a'),
(1790, 4, 'judge4', 8, 10.00, 'b'),
(1791, 4, 'judge4', 8, 9.50, 'c'),
(1792, 4, 'judge4', 8, 9.50, 'd'),
(1793, 4, 'judge4', 9, 8.00, 'a'),
(1794, 4, 'judge4', 9, 9.00, 'b'),
(1795, 4, 'judge4', 9, 8.00, 'c'),
(1796, 4, 'judge4', 9, 8.00, 'd'),
(1797, 4, 'judge4', 10, 8.00, 'a'),
(1798, 4, 'judge4', 10, 8.50, 'b'),
(1799, 4, 'judge4', 10, 8.00, 'c'),
(1800, 4, 'judge4', 10, 8.00, 'd'),
(1801, 4, 'judge4', 11, 9.00, 'a'),
(1802, 4, 'judge4', 11, 9.00, 'b'),
(1803, 4, 'judge4', 11, 8.50, 'c'),
(1804, 4, 'judge4', 11, 8.50, 'd'),
(1805, 4, 'judge4', 12, 8.00, 'a'),
(1806, 4, 'judge4', 12, 8.00, 'b'),
(1807, 4, 'judge4', 12, 8.00, 'c'),
(1808, 4, 'judge4', 12, 8.00, 'd'),
(1809, 4, 'judge4', 13, 9.00, 'a'),
(1810, 4, 'judge4', 13, 9.00, 'b'),
(1811, 4, 'judge4', 13, 9.00, 'c'),
(1812, 4, 'judge4', 13, 9.00, 'd'),
(1813, 4, 'judge4', 14, 9.00, 'a'),
(1814, 4, 'judge4', 14, 9.00, 'b'),
(1815, 4, 'judge4', 14, 9.00, 'c'),
(1816, 4, 'judge4', 14, 9.00, 'd'),
(1817, 4, 'judge4', 15, 10.00, 'a'),
(1818, 4, 'judge4', 15, 10.00, 'b'),
(1819, 4, 'judge4', 15, 10.00, 'c'),
(1820, 4, 'judge4', 15, 10.00, 'd'),
(1821, 4, 'judge4', 16, 10.00, 'a'),
(1822, 4, 'judge4', 16, 10.00, 'b'),
(1823, 4, 'judge4', 16, 10.00, 'c'),
(1824, 4, 'judge4', 16, 10.00, 'd'),
(1825, 4, 'judge4', 17, 8.00, 'a'),
(1826, 4, 'judge4', 17, 8.00, 'b'),
(1827, 4, 'judge4', 17, 8.00, 'c'),
(1828, 4, 'judge4', 17, 8.00, 'd'),
(1829, 4, 'judge4', 18, 8.00, 'a'),
(1830, 4, 'judge4', 18, 8.00, 'b'),
(1831, 4, 'judge4', 18, 8.00, 'c'),
(1832, 4, 'judge4', 18, 8.00, 'd'),
(1833, 4, 'judge4', 19, 9.00, 'a'),
(1834, 4, 'judge4', 19, 9.00, 'b'),
(1835, 4, 'judge4', 19, 9.00, 'c'),
(1836, 4, 'judge4', 19, 9.00, 'd'),
(1837, 4, 'judge4', 20, 9.00, 'a'),
(1838, 4, 'judge4', 20, 9.00, 'b'),
(1839, 4, 'judge4', 20, 9.00, 'c'),
(1840, 4, 'judge4', 20, 9.00, 'd'),
(1841, 4, 'judge3', 1, 10.00, 'a'),
(1842, 4, 'judge3', 1, 10.00, 'b'),
(1843, 4, 'judge3', 1, 10.00, 'c'),
(1844, 4, 'judge3', 1, 10.00, 'd'),
(1845, 4, 'judge3', 2, 10.00, 'a'),
(1846, 4, 'judge3', 2, 9.80, 'b'),
(1847, 4, 'judge3', 2, 10.00, 'c'),
(1848, 4, 'judge3', 2, 9.80, 'd'),
(1849, 4, 'judge3', 3, 10.00, 'a'),
(1850, 4, 'judge3', 3, 9.80, 'b'),
(1851, 4, 'judge3', 3, 10.00, 'c'),
(1852, 4, 'judge3', 3, 10.00, 'd'),
(1853, 4, 'judge3', 4, 9.20, 'a'),
(1854, 4, 'judge3', 4, 9.50, 'b'),
(1855, 4, 'judge3', 4, 10.00, 'c'),
(1856, 4, 'judge3', 4, 9.70, 'd'),
(1857, 4, 'judge3', 5, 9.50, 'a'),
(1858, 4, 'judge3', 5, 9.20, 'b'),
(1859, 4, 'judge3', 5, 10.00, 'c'),
(1860, 4, 'judge3', 5, 9.80, 'd'),
(1861, 4, 'judge3', 6, 9.50, 'a'),
(1862, 4, 'judge3', 6, 9.20, 'b'),
(1863, 4, 'judge3', 6, 9.80, 'c'),
(1864, 4, 'judge3', 6, 9.50, 'd'),
(1865, 4, 'judge3', 7, 10.00, 'a'),
(1866, 4, 'judge3', 7, 9.50, 'b'),
(1867, 4, 'judge3', 7, 10.00, 'c'),
(1868, 4, 'judge3', 7, 10.00, 'd'),
(1869, 4, 'judge3', 8, 9.50, 'a'),
(1870, 4, 'judge3', 8, 9.50, 'b'),
(1871, 4, 'judge3', 8, 10.00, 'c'),
(1872, 4, 'judge3', 8, 10.00, 'd'),
(1873, 4, 'judge3', 9, 10.00, 'a'),
(1874, 4, 'judge3', 9, 9.70, 'b'),
(1875, 4, 'judge3', 9, 10.00, 'c'),
(1876, 4, 'judge3', 9, 9.80, 'd'),
(1877, 4, 'judge3', 10, 9.80, 'a'),
(1878, 4, 'judge3', 10, 9.80, 'b'),
(1879, 4, 'judge3', 10, 10.00, 'c'),
(1880, 4, 'judge3', 10, 9.80, 'd'),
(1881, 4, 'judge3', 11, 10.00, 'a'),
(1882, 4, 'judge3', 11, 9.50, 'b'),
(1883, 4, 'judge3', 11, 10.00, 'c'),
(1884, 4, 'judge3', 11, 9.80, 'd'),
(1885, 4, 'judge3', 12, 9.70, 'a'),
(1886, 4, 'judge3', 12, 9.40, 'b'),
(1887, 4, 'judge3', 12, 10.00, 'c'),
(1888, 4, 'judge3', 12, 9.50, 'd'),
(1889, 4, 'judge3', 13, 9.70, 'a'),
(1890, 4, 'judge3', 13, 9.50, 'b'),
(1891, 4, 'judge3', 13, 10.00, 'c'),
(1892, 4, 'judge3', 13, 9.00, 'd'),
(1893, 4, 'judge3', 14, 9.80, 'a'),
(1894, 4, 'judge3', 14, 9.50, 'b'),
(1895, 4, 'judge3', 14, 10.00, 'c'),
(1896, 4, 'judge3', 14, 9.00, 'd'),
(1897, 4, 'judge3', 15, 9.70, 'a'),
(1898, 4, 'judge3', 15, 9.50, 'b'),
(1899, 4, 'judge3', 15, 10.00, 'c'),
(1900, 4, 'judge3', 15, 9.50, 'd'),
(1901, 4, 'judge3', 16, 9.70, 'a'),
(1902, 4, 'judge3', 16, 9.70, 'b'),
(1903, 4, 'judge3', 16, 10.00, 'c'),
(1904, 4, 'judge3', 16, 9.70, 'd'),
(1905, 4, 'judge3', 17, 8.90, 'a'),
(1906, 4, 'judge3', 17, 8.90, 'b'),
(1907, 4, 'judge3', 17, 10.00, 'c'),
(1908, 4, 'judge3', 17, 9.00, 'd'),
(1909, 4, 'judge3', 18, 9.00, 'a'),
(1910, 4, 'judge3', 18, 8.90, 'b'),
(1911, 4, 'judge3', 18, 10.00, 'c'),
(1912, 4, 'judge3', 18, 9.00, 'd'),
(1913, 4, 'judge3', 19, 9.70, 'a'),
(1914, 4, 'judge3', 19, 9.30, 'b'),
(1915, 4, 'judge3', 19, 10.00, 'c'),
(1916, 4, 'judge3', 19, 9.00, 'd'),
(1917, 4, 'judge3', 20, 9.00, 'a'),
(1918, 4, 'judge3', 20, 8.90, 'b'),
(1919, 4, 'judge3', 20, 10.00, 'c'),
(1920, 4, 'judge3', 20, 9.00, 'd');

-- --------------------------------------------------------

--
-- Table structure for table `rates2`
--

CREATE TABLE `rates2` (
  `ID` int(11) NOT NULL,
  `categid` int(11) NOT NULL,
  `judgeid` varchar(10) NOT NULL,
  `contestantno` int(11) NOT NULL,
  `rate` double NOT NULL,
  `sex` varchar(10) NOT NULL
) ENGINE=InnoDB DEFAULT CHARSET=utf8;

-- --------------------------------------------------------

--
-- Table structure for table `rates3`
--

CREATE TABLE `rates3` (
  `ID` int(11) NOT NULL,
  `categid` int(11) NOT NULL,
  `judgeid` varchar(10) NOT NULL,
  `contestantno` int(11) NOT NULL,
  `rate` double NOT NULL,
  `sex` varchar(10) NOT NULL
) ENGINE=InnoDB DEFAULT CHARSET=utf8;

-- --------------------------------------------------------

--
-- Table structure for table `top3`
--

CREATE TABLE `top3` (
  `ID` int(11) NOT NULL,
  `contestantno` int(11) NOT NULL,
  `sex` varchar(10) NOT NULL
) ENGINE=InnoDB DEFAULT CHARSET=utf8;

--
-- Dumping data for table `top3`
--

INSERT INTO `top3` (`ID`, `contestantno`, `sex`) VALUES
(1, 0, 'female'),
(2, 0, 'female'),
(3, 0, 'female'),
(4, 0, 'male'),
(5, 0, 'male'),
(6, 0, 'male');

--
-- Indexes for dumped tables
--

--
-- Indexes for table `Category`
--
ALTER TABLE `Category`
  ADD PRIMARY KEY (`ID`);

--
-- Indexes for table `contestants`
--
ALTER TABLE `contestants`
  ADD PRIMARY KEY (`ID`);

--
-- Indexes for table `finalcontestants`
--
ALTER TABLE `finalcontestants`
  ADD PRIMARY KEY (`ID`);

--
-- Indexes for table `judges`
--
ALTER TABLE `judges`
  ADD PRIMARY KEY (`ID`);

--
-- Indexes for table `prerate`
--
ALTER TABLE `prerate`
  ADD PRIMARY KEY (`ID`);

--
-- Indexes for table `prerate_old`
--
ALTER TABLE `prerate_old`
  ADD PRIMARY KEY (`ID`);

--
-- Indexes for table `rates`
--
ALTER TABLE `rates`
  ADD PRIMARY KEY (`ID`);

--
-- Indexes for table `rates2`
--
ALTER TABLE `rates2`
  ADD PRIMARY KEY (`ID`);

--
-- Indexes for table `rates3`
--
ALTER TABLE `rates3`
  ADD PRIMARY KEY (`ID`);

--
-- Indexes for table `top3`
--
ALTER TABLE `top3`
  ADD PRIMARY KEY (`ID`);

--
-- AUTO_INCREMENT for dumped tables
--

--
-- AUTO_INCREMENT for table `Category`
--
ALTER TABLE `Category`
  MODIFY `ID` int(11) NOT NULL AUTO_INCREMENT, AUTO_INCREMENT=11;

--
-- AUTO_INCREMENT for table `contestants`
--
ALTER TABLE `contestants`
  MODIFY `ID` int(11) NOT NULL AUTO_INCREMENT, AUTO_INCREMENT=21;

--
-- AUTO_INCREMENT for table `finalcontestants`
--
ALTER TABLE `finalcontestants`
  MODIFY `ID` int(11) NOT NULL AUTO_INCREMENT;

--
-- AUTO_INCREMENT for table `judges`
--
ALTER TABLE `judges`
  MODIFY `ID` int(11) NOT NULL AUTO_INCREMENT, AUTO_INCREMENT=8;

--
-- AUTO_INCREMENT for table `prerate`
--
ALTER TABLE `prerate`
  MODIFY `ID` int(11) NOT NULL AUTO_INCREMENT, AUTO_INCREMENT=21;

--
-- AUTO_INCREMENT for table `prerate_old`
--
ALTER TABLE `prerate_old`
  MODIFY `ID` int(11) NOT NULL AUTO_INCREMENT, AUTO_INCREMENT=21;

--
-- AUTO_INCREMENT for table `rates`
--
ALTER TABLE `rates`
  MODIFY `ID` int(11) NOT NULL AUTO_INCREMENT, AUTO_INCREMENT=1921;

--
-- AUTO_INCREMENT for table `rates2`
--
ALTER TABLE `rates2`
  MODIFY `ID` int(11) NOT NULL AUTO_INCREMENT;

--
-- AUTO_INCREMENT for table `rates3`
--
ALTER TABLE `rates3`
  MODIFY `ID` int(11) NOT NULL AUTO_INCREMENT;

--
-- AUTO_INCREMENT for table `top3`
--
ALTER TABLE `top3`
  MODIFY `ID` int(11) NOT NULL AUTO_INCREMENT, AUTO_INCREMENT=7;
COMMIT;

/*!40101 SET CHARACTER_SET_CLIENT=@OLD_CHARACTER_SET_CLIENT */;
/*!40101 SET CHARACTER_SET_RESULTS=@OLD_CHARACTER_SET_RESULTS */;
/*!40101 SET COLLATION_CONNECTION=@OLD_COLLATION_CONNECTION */;
